Incident Type,Creation Date,Response Time,Year,Week,Day
Law Enforcement-Suspicious Package,2011-05-06 00:00:00,42.0,2011,2011-18,126
Law Enforcement-Suspicious Package,2011-05-06 00:00:00,67.0,2011,2011-18,126
Law Enforcement-Suspicious Package,2011-05-08 22:57:10,59.0,2011,2011-19,128
Law Enforcement-Explosion,2011-05-11 00:00:00,79.0,2011,2011-19,131
Law Enforcement-Suspicious Package,2011-05-12 00:00:00,74.0,2011,2011-19,132
Law Enforcement-Suspicious Package,2011-05-14 00:00:00,23.0,2011,2011-19,134
Law Enforcement-Suspicious Package,2011-05-18 00:00:00,35.0,2011,2011-20,138
Law Enforcement-Suspicious Package,2011-05-24 00:00:00,133.0,2011,2011-21,144
Law Enforcement-Suspicious Package,2011-06-06 00:00:00,77.0,2011,2011-23,157
Law Enforcement-Suspicious Package,2011-06-14 00:00:00,100.0,2011,2011-24,165
Law Enforcement-Suspicious Package,2011-07-26 00:00:00,14.0,2011,2011-30,207
Law Enforcement-Suspicious Package,2011-07-28 00:00:00,73.0,2011,2011-30,209
Law Enforcement-Suspicious Package,2011-08-01 00:00:00,88.0,2011,2011-31,213
Law Enforcement-Suspicious Package,2011-08-02 00:00:00,26.0,2011,2011-31,214
Law Enforcement-Suspicious Package,2011-08-05 00:00:00,38.0,2011,2011-31,217
Law Enforcement-Device,2011-08-11 00:00:00,25.0,2011,2011-32,223
Law Enforcement-Suspicious Package,2011-08-23 00:00:00,47.0,2011,2011-34,235
Law Enforcement-Suspicious Package,2011-08-29 00:00:00,50.0,2011,2011-35,241
Law Enforcement-Suspicious Package,2011-08-30 00:00:00,74.0,2011,2011-35,242
Law Enforcement-Suspicious Package,2011-09-01 00:00:00,77.0,2011,2011-35,244
Law Enforcement-Device,2011-09-01 00:00:00,38.0,2011,2011-35,244
Law Enforcement-Suspicious Package,2011-09-02 00:00:00,11.0,2011,2011-35,245
Law Enforcement-Device,2011-09-07 00:00:00,16.0,2011,2011-36,250
Law Enforcement-Suspicious Package,2011-09-09 00:00:00,45.0,2011,2011-36,252
Law Enforcement-Suspicious Package,2011-09-11 00:00:00,83.0,2011,2011-37,254
Law Enforcement-Suspicious Package,2011-09-16 00:00:00,67.0,2011,2011-37,259
Law Enforcement-Suspicious Package,2011-09-19 00:00:00,67.0,2011,2011-38,262
Law Enforcement-Suspicious Package,2011-09-19 00:00:00,4000.0,2011,2011-38,262
Law Enforcement-Suspicious Package,2011-09-20 00:00:00,39.0,2011,2011-38,263
Law Enforcement-Suspicious Package,2011-09-21 00:00:00,7.0,2011,2011-38,264
Law Enforcement-Suspicious Package,2011-09-23 00:00:00,30.0,2011,2011-38,266
Law Enforcement-Suspicious Package,2011-09-26 00:00:00,55.0,2011,2011-39,269
Law Enforcement-Haz Mat,2011-09-27 00:00:00,115.0,2011,2011-39,270
Law Enforcement-Civil Unrest,2011-10-01 00:00:00,4000.0,2011,2011-39,274
Law Enforcement-Suspicious Package,2011-10-04 00:00:00,36.0,2011,2011-40,277
Law Enforcement-Device,2011-10-10 00:00:00,52.0,2011,2011-41,283
Law Enforcement-Suspicious Package,2011-10-21 00:00:00,51.0,2011,2011-42,294
Law Enforcement-Jumper Up,2011-10-22 00:00:00,184.0,2011,2011-42,295
Law Enforcement-Bomb Threat,2011-10-26 00:00:00,166.0,2011,2011-43,299
Law Enforcement-Device,2011-11-01 00:00:00,214.0,2011,2011-44,305
Law Enforcement-Suspicious Package,2011-11-02 00:00:00,47.0,2011,2011-44,306
Law Enforcement-Found Grenade,2011-11-03 00:00:00,32.0,2011,2011-44,307
Law Enforcement-Suspicious Package,2011-11-05 00:00:00,42.0,2011,2011-44,309
Law Enforcement-Suspicious Package,2011-11-06 00:00:00,40.0,2011,2011-45,310
Law Enforcement-Suspicious Package,2011-11-06 00:00:00,67.0,2011,2011-45,310
Law Enforcement-Suspicious Package,2011-11-07 00:00:00,42.0,2011,2011-45,311
Law Enforcement-Suspicious Package,2011-11-08 00:00:00,70.0,2011,2011-45,312
Law Enforcement-Suspicious Package,2011-11-15 00:00:00,69.0,2011,2011-46,319
Law Enforcement-Suspicious Package,2011-11-22 00:00:00,42.0,2011,2011-47,326
Law Enforcement-Suspicious Package,2011-11-27 00:00:00,48.0,2011,2011-48,331
Law Enforcement-Suspicious Package,2011-11-28 00:00:00,20.0,2011,2011-48,332
Law Enforcement-Suspicious Package,2011-11-28 00:00:00,52.0,2011,2011-48,332
Law Enforcement-Police Officer Assualted,2011-11-29 14:56:47,,2011,2011-48,333
Law Enforcement-Suspicious Package,2011-11-30 00:00:00,46.0,2011,2011-48,334
Law Enforcement-Suspicious Package,2011-12-02 00:00:00,31.0,2011,2011-48,336
Law Enforcement-Suspicious Package,2011-12-02 00:00:00,146.0,2011,2011-48,336
Law Enforcement-Suspicious Vehicle,2011-12-04 00:00:00,35.0,2011,2011-49,338
Law Enforcement-Suspicious Package,2011-12-04 00:00:00,45.0,2011,2011-49,338
Law Enforcement-Suspicious Package,2011-12-08 00:00:00,46.0,2011,2011-49,342
Law Enforcement-Suspicious Package,2011-12-14 00:00:00,85.0,2011,2011-50,348
Law Enforcement-Suspicious Package,2011-12-14 00:00:00,124.0,2011,2011-50,348
Law Enforcement-Suspicious Package,2011-12-16 00:00:00,55.0,2011,2011-50,350
Law Enforcement-Suspicious Package,2011-12-18 00:00:00,21.0,2011,2011-51,352
Law Enforcement-Suspicious Package,2011-12-19 00:00:00,108.0,2011,2011-51,353
Law Enforcement-Suspicious Package,2011-12-31 00:00:00,31.0,2011,2011-52,365
Law Enforcement-Suspicious Package,2012-01-05 00:00:00,27.0,2012,2012-01,5
Law Enforcement-Suspicious Package,2012-01-12 00:00:00,31.0,2012,2012-02,12
Law Enforcement-Suspicious Package,2012-01-25 00:00:00,70.0,2012,2012-04,25
Law Enforcement-Suspicious Package,2012-01-25 00:00:00,56.0,2012,2012-04,25
Law Enforcement-Suspicious Package,2012-01-30 00:00:00,45.0,2012,2012-05,30
Law Enforcement-Found Explosives,2012-02-02 00:00:00,163.0,2012,2012-05,33
Law Enforcement-Suspicious Package,2012-02-09 00:00:00,133.0,2012,2012-06,40
Law Enforcement-Suspicious Package,2012-02-10 00:00:00,106.0,2012,2012-06,41
Law Enforcement-Suspicious Package,2012-02-13 00:00:00,68.0,2012,2012-07,44
Law Enforcement-Suspicious Package,2012-02-17 00:00:00,91.0,2012,2012-07,48
Law Enforcement-Suspicious Package,2012-02-18 00:00:00,142.0,2012,2012-07,49
Law Enforcement-Suspicious Package,2012-03-01 00:00:00,19.0,2012,2012-09,61
Law Enforcement-Suspicious Package,2012-03-06 00:00:00,66.0,2012,2012-10,66
Law Enforcement-Suspicious Package,2012-03-07 00:00:00,44.0,2012,2012-10,67
Law Enforcement-Suspicious Package,2012-03-21 00:00:00,47.0,2012,2012-12,81
Law Enforcement-Suspicious Package,2012-03-23 00:00:00,60.0,2012,2012-12,83
Law Enforcement-Suspicious Package,2012-03-27 19:56:25,59.0,2012,2012-13,87
Law Enforcement-Suspicious Package,2012-03-30 00:00:00,45.0,2012,2012-13,90
Law Enforcement-Suspicious Package,2012-04-07 00:00:00,73.0,2012,2012-14,98
Law Enforcement-Suspicious Package,2012-04-08 00:00:00,3.0,2012,2012-15,99
Law Enforcement-Suspicious Package,2012-04-10 00:00:00,20.0,2012,2012-15,101
Law Enforcement-Suspicious Package,2012-04-12 00:00:00,65.0,2012,2012-15,103
Law Enforcement-Suspicious Package,2012-04-17 00:00:00,11.0,2012,2012-16,108
Law Enforcement-Suspicious Package,2012-04-19 00:00:00,32.0,2012,2012-16,110
Law Enforcement-Bomb Threat,2012-04-20 00:00:00,57.0,2012,2012-16,111
Law Enforcement-Device,2012-04-28 00:00:00,55.0,2012,2012-17,119
Law Enforcement-Haz Mat,2012-04-30 00:00:00,225.0,2012,2012-18,121
Law Enforcement-Haz Mat,2012-04-30 00:00:00,150.0,2012,2012-18,121
Law Enforcement-Haz Mat,2012-04-30 00:00:00,64.0,2012,2012-18,121
Law Enforcement-Haz Mat,2012-04-30 00:00:00,224.0,2012,2012-18,121
Law Enforcement-Haz Mat,2012-04-30 00:00:00,91.0,2012,2012-18,121
Law Enforcement-Suspicious Package,2012-05-01 00:00:00,99.0,2012,2012-18,122
Law Enforcement-Suspicious Package,2012-05-07 00:00:00,13.0,2012,2012-19,128
Law Enforcement-Suspicious Package,2012-05-14 00:00:00,56.0,2012,2012-20,135
Law Enforcement-Suspicious Package,2012-05-15 00:00:00,44.0,2012,2012-20,136
Law Enforcement-Suspicious Package,2012-05-18 00:00:00,54.0,2012,2012-20,139
Law Enforcement-Suspicious Package,2012-05-19 00:00:00,307.0,2012,2012-20,140
Law Enforcement-Suspicious Package,2012-05-30 00:00:00,638.0,2012,2012-22,151
Law Enforcement-Suspicious Package,2012-06-05 00:00:00,107.0,2012,2012-23,157
Law Enforcement-Suspicious Package,2012-06-17 00:00:00,45.0,2012,2012-25,169
Law Enforcement-Suspicious Package,2012-06-19 00:00:00,129.0,2012,2012-25,171
Law Enforcement-Suspicious Package,2012-07-01 00:00:00,27.0,2012,2012-27,183
Law Enforcement-Suspicious Package,2012-07-04 00:00:00,28.0,2012,2012-27,186
Law Enforcement-Suspicious Package,2012-07-05 00:00:00,66.0,2012,2012-27,187
Law Enforcement-White Powder,2012-07-06 00:00:00,55.0,2012,2012-27,188
Law Enforcement-Suspicious Package,2012-07-12 00:00:00,104.0,2012,2012-28,194
Law Enforcement-Suspicious Package,2012-07-12 00:00:00,42.0,2012,2012-28,194
Law Enforcement-Suspicious Package,2012-07-15 00:00:00,34.0,2012,2012-29,197
Law Enforcement-Suspicious Package,2012-07-17 00:00:00,59.0,2012,2012-29,199
Law Enforcement-Suspicious Package,2012-07-25 00:00:00,15.0,2012,2012-30,207
Law Enforcement-Suspicious Package,2012-08-01 00:00:00,40.0,2012,2012-31,214
Law Enforcement-Suspicious Package,2012-08-02 00:00:00,53.0,2012,2012-31,215
Law Enforcement-Device,2012-08-07 00:00:00,71.0,2012,2012-32,220
Law Enforcement-Device,2012-08-14 00:00:00,47.0,2012,2012-33,227
Law Enforcement-Device,2012-08-18 00:00:00,35.0,2012,2012-33,231
Law Enforcement-Suspicious Package,2012-08-20 00:00:00,38.0,2012,2012-34,233
Law Enforcement-Suspicious Package,2012-08-21 00:00:00,48.0,2012,2012-34,234
Law Enforcement-Suspicious Package,2012-08-21 00:00:00,18.0,2012,2012-34,234
Law Enforcement-Suspicious Package,2012-08-22 00:00:00,48.0,2012,2012-34,235
Law Enforcement-Suspicious Package,2012-08-28 00:00:00,39.0,2012,2012-35,241
Law Enforcement-Suspicious Package,2012-09-02 00:00:00,52.0,2012,2012-36,246
Law Enforcement-Suspicious Package,2012-09-05 00:00:00,42.0,2012,2012-36,249
Law Enforcement-Device,2012-09-05 00:00:00,22.0,2012,2012-36,249
Law Enforcement-Haz Mat,2012-09-05 00:00:00,137.0,2012,2012-36,249
Law Enforcement-Device,2012-09-06 00:00:00,39.0,2012,2012-36,250
Law Enforcement-Haz Mat,2012-09-06 00:00:00,25.0,2012,2012-36,250
Law Enforcement-Suspicious Package,2012-09-12 00:00:00,76.0,2012,2012-37,256
Law Enforcement-Suspicious Package,2012-09-15 00:00:00,34.0,2012,2012-37,259
Law Enforcement-Suspicious Package,2012-09-18 00:00:00,51.0,2012,2012-38,262
Law Enforcement-Device,2012-09-20 00:00:00,39.0,2012,2012-38,264
Law Enforcement-Suspicious Package,2012-09-23 00:00:00,92.0,2012,2012-39,267
Law Enforcement-Suspicious Package,2012-09-27 00:00:00,49.0,2012,2012-39,271
Law Enforcement-White Powder,2012-10-11 00:00:00,55.0,2012,2012-41,285
Law Enforcement-Suspicious Package,2012-10-17 00:00:00,123.0,2012,2012-42,291
Law Enforcement-Suspicious Package,2012-10-18 00:00:00,52.0,2012,2012-42,292
Law Enforcement-Suspicious Package,2012-10-18 00:00:00,32.0,2012,2012-42,292
Law Enforcement-Suspicious Package,2012-10-19 00:00:00,74.0,2012,2012-42,293
Law Enforcement-Suspicious Vehicle,2012-10-20 00:00:00,44.0,2012,2012-42,294
Law Enforcement-Suspicious Package,2012-10-21 00:00:00,54.0,2012,2012-43,295
Law Enforcement-Suspicious Package,2012-10-23 00:00:00,0.0,2012,2012-43,297
Law Enforcement-Suspicious Package,2012-10-27 00:00:00,87.0,2012,2012-43,301
Law Enforcement-Suspicious Package,2012-10-28 00:00:00,47.0,2012,2012-44,302
Law Enforcement-Device,2012-10-28 00:00:00,66.0,2012,2012-44,302
Law Enforcement-Suspicious Package,2012-11-11 00:00:00,57.0,2012,2012-46,316
Law Enforcement-Suspicious Package,2012-11-12 00:00:00,61.0,2012,2012-46,317
Law Enforcement-Suspicious Package,2012-11-19 00:00:00,22.0,2012,2012-47,324
Law Enforcement-Suspicious Package,2012-11-20 00:00:00,29.0,2012,2012-47,325
Law Enforcement-Suspicious Package,2012-11-21 00:00:00,47.0,2012,2012-47,326
Law Enforcement-Suspicious Package,2012-11-28 00:00:00,16.0,2012,2012-48,333
Law Enforcement-Suspicious Package,2012-11-30 00:00:00,95.0,2012,2012-48,335
Law Enforcement-Suspicious Powder,2012-11-30 00:00:00,43.0,2012,2012-48,335
Law Enforcement-Suspicious Package,2012-12-07 00:00:00,46.0,2012,2012-49,342
Law Enforcement-Suspicious Package,2012-12-18 00:00:00,65.0,2012,2012-51,353
Law Enforcement-Suspicious Package,2012-12-29 00:00:00,539.0,2012,2012-52,364
Law Enforcement-Device,2013-01-04 00:00:00,20.0,2013,2013-00,4
Law Enforcement-Suspicious Package,2013-01-08 00:00:00,37.0,2013,2013-01,8
Law Enforcement-Suspicious Package,2013-01-15 00:00:00,43.0,2013,2013-02,15
Law Enforcement-Device,2013-01-20 00:00:00,298.0,2013,2013-03,20
Law Enforcement-Un Authorized Tractor Trailer,2013-02-05 00:00:00,0.0,2013,2013-05,36
Law Enforcement-Device,2013-02-09 00:00:00,44.0,2013,2013-05,40
Law Enforcement-Suspicious Package,2013-02-11 00:00:00,36.0,2013,2013-06,42
Law Enforcement-Device,2013-03-05 00:00:00,39.0,2013,2013-09,64
Law Enforcement-Suspicious Package,2013-03-11 00:00:00,31.0,2013,2013-10,70
Law Enforcement-Device,2013-03-14 00:00:00,33.0,2013,2013-10,73
Law Enforcement-Suspicious Package,2013-03-15 00:00:00,70.0,2013,2013-10,74
Law Enforcement-Suspicious Package,2013-03-16 00:00:00,10.0,2013,2013-10,75
Law Enforcement-Suspicious Package,2013-03-17 00:00:00,100.0,2013,2013-11,76
Law Enforcement-Suspicious Package,2013-03-18 00:00:00,8.0,2013,2013-11,77
Law Enforcement-Suspicious Package,2013-03-20 00:00:00,55.0,2013,2013-11,79
Law Enforcement-Suspicious Package,2013-03-26 00:00:00,8.0,2013,2013-12,85
Law Enforcement-Suspicious Package,2013-03-29 00:00:00,75.0,2013,2013-12,88
Law Enforcement-Suspicious Package,2013-03-29 00:00:00,25.0,2013,2013-12,88
Law Enforcement-Suspicious Package,2013-04-08 00:00:00,41.0,2013,2013-14,98
Law Enforcement-Suspicious Package,2013-04-16 00:00:00,42.0,2013,2013-15,106
Law Enforcement-Suspicious Package,2013-04-17 00:00:00,83.0,2013,2013-15,107
Law Enforcement-Suspicious Package,2013-04-17 00:00:00,92.0,2013,2013-15,107
Law Enforcement-Suspicious Package,2013-04-17 00:00:00,58.0,2013,2013-15,107
Law Enforcement-Device,2013-04-17 00:00:00,52.0,2013,2013-15,107
Law Enforcement-Suspicious Package,2013-04-17 00:00:00,92.0,2013,2013-15,107
Law Enforcement-Suspicious Package,2013-04-17 00:00:00,43.0,2013,2013-15,107
Law Enforcement-Suspicious Package,2013-04-18 00:00:00,77.0,2013,2013-15,108
Law Enforcement-Suspicious Package,2013-04-18 00:00:00,39.0,2013,2013-15,108
Law Enforcement-Suspicious Package,2013-04-18 00:00:00,39.0,2013,2013-15,108
Law Enforcement-Suspicious Package,2013-04-19 00:00:00,101.0,2013,2013-15,109
Law Enforcement-Suspicious Package,2013-04-19 00:00:00,59.0,2013,2013-15,109
Law Enforcement-Suspicious Package,2013-04-21 00:00:00,55.0,2013,2013-16,111
Law Enforcement-Suspicious Package,2013-04-22 00:00:00,211.0,2013,2013-16,112
Law Enforcement-Suspicious Package,2013-04-23 00:00:00,94.0,2013,2013-16,113
Law Enforcement-Suspicious Package,2013-04-23 00:00:00,63.0,2013,2013-16,113
Law Enforcement-Suspicious Vehicle,2013-04-23 00:00:00,84.0,2013,2013-16,113
Law Enforcement-Suspicious Package,2013-04-25 00:00:00,504.0,2013,2013-16,115
Law Enforcement-Suspicious Package,2013-04-30 00:00:00,61.0,2013,2013-17,120
Law Enforcement-Suspicious Package,2013-04-30 00:00:00,38.0,2013,2013-17,120
Law Enforcement-Suspicious Package,2013-04-30 00:00:00,100.0,2013,2013-17,120
Law Enforcement-Suspicious Package,2013-05-02 00:00:00,57.0,2013,2013-17,122
Law Enforcement-Device,2013-05-02 00:00:00,126.0,2013,2013-17,122
Law Enforcement-Suspicious Package,2013-05-06 00:00:00,49.0,2013,2013-18,126
Law Enforcement-Suspicious Package,2013-05-08 00:00:00,44.0,2013,2013-18,128
Law Enforcement-Suspicious Package,2013-05-10 00:00:00,76.0,2013,2013-18,130
Law Enforcement-Suspicious Package,2013-05-13 00:00:00,14.0,2013,2013-19,133
Law Enforcement-Suspicious Package,2013-05-13 00:00:00,60.0,2013,2013-19,133
Law Enforcement-Suspicious Package,2013-05-18 00:00:00,45.0,2013,2013-19,138
Law Enforcement-Bomb Threat,2013-05-20 00:00:00,49.0,2013,2013-20,140
Law Enforcement-Suspicious Package,2013-05-21 00:00:00,69.0,2013,2013-20,141
Law Enforcement-Suspicious Package,2013-05-24 00:00:00,333.0,2013,2013-20,144
Law Enforcement-Suspicious Vehicle,2013-05-27 00:00:00,97.0,2013,2013-21,147
Law Enforcement-Suspicious Package,2013-05-27 00:00:00,59.0,2013,2013-21,147
Law Enforcement-Suspicious Package,2013-05-29 00:00:00,44.0,2013,2013-21,149
Law Enforcement-Suspicious Substance,2013-05-30 00:00:00,1569.0,2013,2013-21,150
Law Enforcement-Suspicious Substance,2013-05-30 00:00:00,1543.0,2013,2013-21,150
Law Enforcement-Suspicious Package,2013-05-31 00:00:00,48.0,2013,2013-21,151
Law Enforcement-Suspicious Package,2013-06-02 00:00:00,0.0,2013,2013-22,153
Law Enforcement-Suspicious Powder,2013-06-04 00:00:00,245.0,2013,2013-22,155
Law Enforcement-Suspicious Package,2013-06-06 00:00:00,9.0,2013,2013-22,157
Law Enforcement-Suspicious Package,2013-06-10 00:00:00,216.0,2013,2013-23,161
Law Enforcement-Suspicious Package,2013-06-10 00:00:00,84.0,2013,2013-23,161
Law Enforcement-Suspicious Package,2013-06-12 00:00:00,87.0,2013,2013-23,163
Law Enforcement-Suspicious Package,2013-06-26 00:00:00,27.0,2013,2013-25,177
Law Enforcement-Suspicious Package,2013-06-29 00:00:00,44.0,2013,2013-25,180
Law Enforcement-Suspicious Package,2013-06-30 00:00:00,25.0,2013,2013-26,181
Law Enforcement-Suspicious Package,2013-07-01 00:00:00,27.0,2013,2013-26,182
Law Enforcement-Suspicious Package,2013-07-01 00:00:00,43.0,2013,2013-26,182
Law Enforcement-White Powder,2013-07-03 00:00:00,90.0,2013,2013-26,184
Law Enforcement-Suspicious Package,2013-07-04 00:00:00,27.0,2013,2013-26,185
Law Enforcement-Suspicious Package,2013-07-10 00:00:00,13.0,2013,2013-27,191
Law Enforcement-Suspicious Vehicle,2013-07-13 00:00:00,8.0,2013,2013-27,194
Law Enforcement-Suspicious Package,2013-07-18 00:00:00,43.0,2013,2013-28,199
Law Enforcement-Suspicious Package,2013-07-23 00:00:00,24.0,2013,2013-29,204
Law Enforcement-Suspicious Package,2013-07-28 00:00:00,40.0,2013,2013-30,209
Law Enforcement-Suspicious Package,2013-07-29 00:00:00,20.0,2013,2013-30,210
Law Enforcement-Suspicious Package,2013-07-31 00:00:00,78.0,2013,2013-30,212
Law Enforcement-Haz Mat,2013-08-02 00:00:00,4000.0,2013,2013-30,214
Law Enforcement-Suspicious Package,2013-08-09 00:00:00,45.0,2013,2013-31,221
Law Enforcement-Suspicious Package,2013-08-12 00:00:00,132.0,2013,2013-32,224
Law Enforcement-Report of Police Officer Shot,2013-08-17 00:00:00,5.0,2013,2013-32,229
Law Enforcement-Suspicious Package,2013-08-21 00:00:00,114.0,2013,2013-33,233
Law Enforcement-Suspicious Package,2013-08-26 00:00:00,98.0,2013,2013-34,238
Law Enforcement-Device,2013-08-28 00:00:00,46.0,2013,2013-34,240
Law Enforcement-Suspicious Device,2013-09-02 00:00:00,4000.0,2013,2013-35,245
Law Enforcement-Suspicious Package,2013-09-03 00:00:00,66.0,2013,2013-35,246
Law Enforcement-Suspicious Package,2013-09-11 00:00:00,426.0,2013,2013-36,254
Law Enforcement-Suspicious Package,2013-09-12 00:00:00,166.0,2013,2013-36,255
Law Enforcement-Suspicious Package,2013-09-12 00:00:00,78.0,2013,2013-36,255
Law Enforcement-Suspicious Package,2013-09-14 00:00:00,57.0,2013,2013-36,257
Law Enforcement-Suspicious Package,2013-09-14 00:00:00,49.0,2013,2013-36,257
Law Enforcement-Suspicious Package,2013-09-17 00:00:00,98.0,2013,2013-37,260
Law Enforcement-Suspicious Package,2013-09-21 00:00:00,46.0,2013,2013-37,264
Law Enforcement-Suspicious Package,2013-09-23 00:00:00,67.0,2013,2013-38,266
Law Enforcement-Suspicious Package,2013-09-23 00:00:00,52.0,2013,2013-38,266
Law Enforcement-Suspicious Package,2013-09-24 00:00:00,129.0,2013,2013-38,267
Law Enforcement-Suspicious Package,2013-09-24 00:00:00,753.0,2013,2013-38,267
Law Enforcement-Suspicious Package,2013-09-25 00:00:00,52.0,2013,2013-38,268
Law Enforcement-Suspicious Package,2013-09-26 00:00:00,4000.0,2013,2013-38,269
Law Enforcement-Suspicious Package,2013-09-26 00:00:00,74.0,2013,2013-38,269
Law Enforcement-Suspicious Package,2013-09-26 00:00:00,36.0,2013,2013-38,269
Law Enforcement-Suspicious Vehicle,2013-09-26 00:00:00,58.0,2013,2013-38,269
Law Enforcement-Suspicious Package,2013-09-29 00:00:00,4000.0,2013,2013-39,272
Law Enforcement-Suspicious Package,2013-09-30 00:00:00,15.0,2013,2013-39,273
Law Enforcement-Suspicious Package,2013-10-01 00:00:00,66.0,2013,2013-39,274
Law Enforcement-Suspicious Package,2013-10-01 00:00:00,33.0,2013,2013-39,274
Law Enforcement-Device,2013-10-02 00:00:00,54.0,2013,2013-39,275
Law Enforcement-Suspicious Package,2013-10-08 00:00:00,189.0,2013,2013-40,281
Law Enforcement-Suspicious Package,2013-10-10 00:00:00,4000.0,2013,2013-40,283
Law Enforcement-Suspicious Package,2013-10-11 00:00:00,29.0,2013,2013-40,284
Law Enforcement-Suspicious Package,2013-10-13 00:00:00,30.0,2013,2013-41,286
Law Enforcement-Suspicious Package,2013-10-21 00:00:00,72.0,2013,2013-42,294
Law Enforcement-Missing Person,2013-10-22 00:00:00,1616.0,2013,2013-42,295
Law Enforcement-Suspicious Package,2013-10-24 00:00:00,21.0,2013,2013-42,297
Law Enforcement-Suspicious Package,2013-10-31 00:00:00,108.0,2013,2013-43,304
Law Enforcement-Suspicious Package,2013-11-02 00:00:00,98.0,2013,2013-43,306
Law Enforcement-Suspicious Letter,2013-11-04 17:52:23,,2013,2013-44,308
Law Enforcement-Suspicious Package,2013-11-13 00:00:00,4000.0,2013,2013-45,317
Law Enforcement-SILVER ALERT - Susan Ficher,2013-11-21 01:54:59,,2013,2013-46,325
Law Enforcement-Suspicious Vehicle,2013-11-22 00:00:00,226.0,2013,2013-46,326
Law Enforcement-Suspicious Package,2013-11-29 00:00:00,156.0,2013,2013-47,333
Law Enforcement-Possible Bomb Threat,2013-12-06 00:00:00,26.0,2013,2013-48,340
Law Enforcement-Suspicious Package,2013-12-09 00:00:00,37.0,2013,2013-49,343
Law Enforcement-Suspicious Package,2013-12-11 00:00:00,2722.0,2013,2013-49,345
Law Enforcement-School Evacuation,2013-12-13 00:00:00,155.0,2013,2013-49,347
Law Enforcement-Suspicious Package,2013-12-16 00:00:00,55.0,2013,2013-50,350
Law Enforcement-Suspicious Package,2013-12-17 00:00:00,35.0,2013,2013-50,351
Law Enforcement-Suspicious Vehicle,2013-12-17 00:00:00,18.0,2013,2013-50,351
Law Enforcement-Suspicious Package,2013-12-18 00:00:00,75.0,2013,2013-50,352
Law Enforcement-Device,2013-12-19 00:00:00,46.0,2013,2013-50,353
Law Enforcement-Suspicious Package,2013-12-20 00:00:00,67.0,2013,2013-50,354
Law Enforcement-Subway Track Search,2013-12-20 00:00:00,159.0,2013,2013-50,354
Law Enforcement-Suspicious Package,2013-12-22 00:00:00,63.0,2013,2013-51,356
Law Enforcement-Suspicious Package,2013-12-23 00:00:00,4000.0,2013,2013-51,357
Law Enforcement-Suspicious Package,2013-12-26 00:00:00,4000.0,2013,2013-51,360
Law Enforcement-Suspicious Package,2014-01-04 00:00:00,88.0,2014,2014-00,4
Law Enforcement-Explosion,2014-01-06 00:00:00,125.0,2014,2014-01,6
Law Enforcement-Mobilization,2014-01-15 00:00:00,74.0,2014,2014-02,15
Law Enforcement-Suspicious Package,2014-01-15 00:00:00,44.0,2014,2014-02,15
Law Enforcement-School Lock Down,2014-01-16 00:00:00,24.0,2014,2014-02,16
Law Enforcement-Suspicious Package,2014-01-20 00:00:00,73.0,2014,2014-03,20
Law Enforcement-Suspicious Package,2014-01-21 00:00:00,47.0,2014,2014-03,21
Law Enforcement-Suspicious Package,2014-01-27 00:00:00,94.0,2014,2014-04,27
Law Enforcement-Explosion,2014-01-27 00:00:00,445.0,2014,2014-04,27
Law Enforcement-Suspicious Package,2014-01-30 00:00:00,16.0,2014,2014-04,30
Law Enforcement-Suspicious Package,2014-01-31 00:00:00,47.0,2014,2014-04,31
Law Enforcement-Suspicious Package,2014-02-01 00:00:00,4000.0,2014,2014-04,32
Law Enforcement-Suspicious Package,2014-02-06 00:00:00,171.0,2014,2014-05,37
Law Enforcement-Haz Mat,2014-02-14 00:00:00,1241.0,2014,2014-06,45
Law Enforcement-Suspicious Package,2014-02-17 00:00:00,4.0,2014,2014-07,48
Law Enforcement-Suspicious powder,2014-02-19 00:00:00,4000.0,2014,2014-07,50
Law Enforcement-Suspicious Package,2014-03-12 00:00:00,94.0,2014,2014-10,71
Law Enforcement-Suspicious Package,2014-03-24 00:00:00,1.0,2014,2014-12,83
Law Enforcement-Suspicious Package,2014-03-25 00:00:00,171.0,2014,2014-12,84
Law Enforcement-Suspicious Package,2014-03-26 00:00:00,14.0,2014,2014-12,85
Law Enforcement-Suspicious Package,2014-03-27 00:00:00,71.0,2014,2014-12,86
Law Enforcement-Device,2014-03-27 00:00:00,40.0,2014,2014-12,86
Law Enforcement-Suspicious Package,2014-04-01 00:00:00,54.0,2014,2014-13,91
Law Enforcement-Suspicious Package,2014-04-02 00:00:00,106.0,2014,2014-13,92
Law Enforcement-Suspicious Vehicle,2014-04-02 00:00:00,56.0,2014,2014-13,92
Law Enforcement-Suspicious Package,2014-04-03 00:00:00,4000.0,2014,2014-13,93
Law Enforcement-Suspicious Package,2014-04-03 00:00:00,67.0,2014,2014-13,93
Law Enforcement-Suspicious Package,2014-04-06 00:00:00,73.0,2014,2014-14,96
Law Enforcement-Suspicious Package,2014-04-08 00:00:00,74.0,2014,2014-14,98
Law Enforcement-Residence Search,2014-04-10 00:00:00,245.0,2014,2014-14,100
Law Enforcement-Suspicious Package,2014-04-16 00:00:00,72.0,2014,2014-15,106
Law Enforcement-Suspicious Package,2014-04-24 00:00:00,85.0,2014,2014-16,114
Law Enforcement-Suspicious Package,2014-04-29 00:00:00,47.0,2014,2014-17,119
Law Enforcement-Suspicious Package,2014-04-30 00:00:00,172.0,2014,2014-17,120
Law Enforcement-Suspicious Package,2014-05-05 00:00:00,34.0,2014,2014-18,125
Law Enforcement-Report of a Bomb Threat,2014-05-05 00:00:00,93.0,2014,2014-18,125
Law Enforcement-Suspicious Package,2014-05-09 00:00:00,33.0,2014,2014-18,129
Law Enforcement-Bomb Threat,2014-05-13 00:00:00,64.0,2014,2014-19,133
Law Enforcement-Suspicious Package,2014-05-14 00:00:00,67.0,2014,2014-19,134
Law Enforcement-Suspicious Package,2014-05-15 00:00:00,67.0,2014,2014-19,135
Law Enforcement-Suspicious Package,2014-05-18 00:00:00,4000.0,2014,2014-20,138
Law Enforcement-Other,2014-05-19 00:00:00,283.0,2014,2014-20,139
Law Enforcement-Suspicious Package,2014-05-19 00:00:00,3090.0,2014,2014-20,139
Law Enforcement-Suspicious Package,2014-05-20 00:00:00,57.0,2014,2014-20,140
Law Enforcement-Other,2014-05-21 00:00:00,4000.0,2014,2014-20,141
Law Enforcement-Suspicious Package,2014-05-25 00:00:00,31.0,2014,2014-21,145
Law Enforcement-Suspicious Package,2014-05-29 00:00:00,46.0,2014,2014-21,149
Law Enforcement-Suspicious Package,2014-05-30 00:00:00,26.0,2014,2014-21,150
Law Enforcement-Suspicious Package,2014-06-02 00:00:00,4000.0,2014,2014-22,153
Law Enforcement-Suspicious Package,2014-06-03 00:00:00,34.0,2014,2014-22,154
Law Enforcement-Suspicious Package,2014-06-05 00:00:00,74.0,2014,2014-22,156
Law Enforcement-Suspicious Package,2014-06-06 00:00:00,53.0,2014,2014-22,157
Law Enforcement-Suspicious Package,2014-06-09 00:00:00,39.0,2014,2014-23,160
Law Enforcement-Device,2014-06-13 00:00:00,83.0,2014,2014-23,164
Law Enforcement-Device,2014-06-16 00:00:00,61.0,2014,2014-24,167
Law Enforcement-Device,2014-06-17 00:00:00,166.0,2014,2014-24,168
Law Enforcement-Haz Mat,2014-06-20 00:00:00,88.0,2014,2014-24,171
Law Enforcement-Suspicious Package,2014-06-22 00:00:00,35.0,2014,2014-25,173
Law Enforcement-Suspicious Package,2014-06-23 00:00:00,84.0,2014,2014-25,174
Law Enforcement-Suspicious Package,2014-06-24 00:00:00,7.0,2014,2014-25,175
Law Enforcement-Haz Mat,2014-06-25 00:00:00,4000.0,2014,2014-25,176
Law Enforcement-Haz Mat,2014-06-25 13:43:32,191.0,2014,2014-25,176
Law Enforcement-Device,2014-06-30 00:00:00,61.0,2014,2014-26,181
Law Enforcement-Other,2014-06-30 00:00:00,3078.0,2014,2014-26,181
Law Enforcement-Suspicious Package,2014-07-01 00:00:00,789.0,2014,2014-26,182
Law Enforcement-Suspicious Package,2014-07-01 00:00:00,44.0,2014,2014-26,182
Law Enforcement-Suspicious Package,2014-07-03 00:00:00,119.0,2014,2014-26,184
Law Enforcement-Other,2014-07-22 00:00:00,4000.0,2014,2014-29,203
Law Enforcement-Suspicious Package,2014-07-24 00:00:00,35.0,2014,2014-29,205
Law Enforcement-Suspicious Package,2014-07-30 00:00:00,68.0,2014,2014-30,211
Law Enforcement-Suspicious Package,2014-08-01 00:00:00,4000.0,2014,2014-30,213
Law Enforcement-Suspicious Package,2014-08-05 00:00:00,270.0,2014,2014-31,217
Law Enforcement-Suspicious Package,2014-08-06 00:00:00,29.0,2014,2014-31,218
Law Enforcement-Suspicious Package,2014-08-07 00:00:00,34.0,2014,2014-31,219
Law Enforcement-Suspicious Package,2014-08-12 00:00:00,78.0,2014,2014-32,224
Law Enforcement-Suspicious Package,2014-08-13 00:00:00,174.0,2014,2014-32,225
Law Enforcement-Suspicious Package,2014-08-14 00:00:00,85.0,2014,2014-32,226
Law Enforcement-Suspicious Package,2014-08-16 00:00:00,74.0,2014,2014-32,228
Law Enforcement-Haz Mat,2014-08-21 00:00:00,4000.0,2014,2014-33,233
Law Enforcement-Suspicious Package,2014-08-26 00:00:00,4000.0,2014,2014-34,238
Law Enforcement-Other,2014-08-28 00:00:00,4000.0,2014,2014-34,240
Law Enforcement-Other,2014-08-29 00:00:00,4000.0,2014,2014-34,241
Law Enforcement-Suspicious Package,2014-09-01 00:00:00,23.0,2014,2014-35,244
Law Enforcement-Suspicious Package,2014-09-08 00:00:00,38.0,2014,2014-36,251
Law Enforcement-Suspicious Package,2014-09-11 00:00:00,74.0,2014,2014-36,254
Law Enforcement-Suspicious Package,2014-09-12 00:00:00,55.0,2014,2014-36,255
Law Enforcement-Suspicious Package,2014-09-20 00:00:00,9.0,2014,2014-37,263
Law Enforcement-Suspicious Package,2014-09-20 00:00:00,4000.0,2014,2014-37,263
Law Enforcement-Suspicious Package,2014-09-21 00:00:00,59.0,2014,2014-38,264
Law Enforcement-Suspicious Package,2014-09-25 00:00:00,46.0,2014,2014-38,268
Law Enforcement-Suspicious Package,2014-09-27 00:00:00,22.0,2014,2014-38,270
Law Enforcement-Suspicious Package,2014-09-29 00:00:00,30.0,2014,2014-39,272
Law Enforcement-Suspicious Package,2014-10-01 00:00:00,89.0,2014,2014-39,274
Law Enforcement-Suspicious Package,2014-10-03 00:00:00,61.0,2014,2014-39,276
Law Enforcement-Suspicious Package,2014-10-04 00:00:00,67.0,2014,2014-39,277
Law Enforcement-Suspicious Package,2014-10-08 00:00:00,4000.0,2014,2014-40,281
Law Enforcement-Suspicious Package,2014-10-12 00:00:00,43.0,2014,2014-41,285
Law Enforcement-Other,2014-10-13 00:00:00,868.0,2014,2014-41,286
Law Enforcement-Suspicious Package,2014-10-13 00:00:00,32.0,2014,2014-41,286
Law Enforcement-Suspicious Package,2014-10-14 00:00:00,4000.0,2014,2014-41,287
Law Enforcement-Suspicious Package,2014-10-14 00:00:00,4000.0,2014,2014-41,287
Law Enforcement-Suspicious Package,2014-10-17 00:00:00,77.0,2014,2014-41,290
Law Enforcement-Suspicious Package,2014-10-18 00:00:00,460.0,2014,2014-41,291
Law Enforcement-Suspicious Package,2014-10-21 00:00:00,92.0,2014,2014-42,294
Law Enforcement-Other,2014-10-23 00:00:00,4000.0,2014,2014-42,296
Law Enforcement-Suspicious Package,2014-10-26 00:00:00,86.0,2014,2014-43,299
Law Enforcement-Suspicious Package,2014-11-05 00:00:00,35.0,2014,2014-44,309
Law Enforcement-Suspicious Package,2014-11-06 00:00:00,69.0,2014,2014-44,310
Law Enforcement-Suspicious Package,2014-11-06 00:00:00,325.0,2014,2014-44,310
Law Enforcement-Explosion,2014-11-21 00:00:00,29.0,2014,2014-46,325
Law Enforcement-Device,2014-11-21 00:00:00,588.0,2014,2014-46,325
Law Enforcement-Suspicious Package,2014-11-28 00:00:00,4000.0,2014,2014-47,332
Law Enforcement-Suspicious Package,2014-12-02 00:00:00,70.0,2014,2014-48,336
Law Enforcement-Other,2014-12-03 00:00:00,4000.0,2014,2014-48,337
Law Enforcement-Suspicious Package,2014-12-10 00:00:00,110.0,2014,2014-49,344
Law Enforcement-Device,2014-12-12 00:00:00,53.0,2014,2014-49,346
Law Enforcement-Mobilization,2014-12-18 00:00:00,79.0,2014,2014-50,352
Law Enforcement-Mobilization,2014-12-20 00:00:00,596.0,2014,2014-50,354
Law Enforcement-Suspicious Package,2014-12-23 00:00:00,41.0,2014,2014-51,357
Law Enforcement-Suspicious Package,2014-12-23 00:00:00,73.0,2014,2014-51,357
Law Enforcement-Suspicious Package,2014-12-23 00:00:00,106.0,2014,2014-51,357
Law Enforcement-Suspicious Package,2014-12-26 00:00:00,22.0,2014,2014-51,360
Law Enforcement-Suspicious Package,2015-01-07 00:00:00,64.0,2015,2015-01,7
Law Enforcement-Suspicious Package,2015-01-22 00:00:00,34.0,2015,2015-03,22
Law Enforcement-Device,2015-01-24 00:00:00,71.0,2015,2015-03,24
Law Enforcement-Suspicious Package,2015-01-31 00:00:00,82.0,2015,2015-04,31
Law Enforcement-Suspicious Package,2015-02-04 00:00:00,142.0,2015,2015-05,35
Law Enforcement-Other,2015-02-05 00:00:00,47.0,2015,2015-05,36
Law Enforcement-Haz Mat,2015-02-09 00:00:00,17.0,2015,2015-06,40
Law Enforcement-Suspicious Package,2015-02-24 00:00:00,95.0,2015,2015-08,55
Law Enforcement-Device,2015-02-27 00:00:00,107.0,2015,2015-08,58
Law Enforcement-Suspicious Package,2015-03-02 00:00:00,53.0,2015,2015-09,61
Law Enforcement-Suspicious Package,2015-03-09 00:00:00,33.0,2015,2015-10,68
Law Enforcement-Suspicious Package,2015-03-11 00:00:00,67.0,2015,2015-10,70
Law Enforcement-Other,2015-03-24 00:00:00,136.0,2015,2015-12,83
Law Enforcement-Other,2015-03-26 00:00:00,53.0,2015,2015-12,85
Law Enforcement-Suspicious Package,2015-03-30 00:00:00,189.0,2015,2015-13,89
Law Enforcement-Other,2015-04-08 00:00:00,768.0,2015,2015-14,98
Law Enforcement-Suspicious Package,2015-04-08 00:00:00,29.0,2015,2015-14,98
Law Enforcement-Other,2015-04-09 00:00:00,4000.0,2015,2015-14,99
Law Enforcement-Suspicious Package,2015-04-20 00:00:00,4000.0,2015,2015-16,110
Law Enforcement-Haz Mat,2015-04-21 00:00:00,4000.0,2015,2015-16,111
Law Enforcement-Suspicious Package,2015-04-23 16:30:36,59.0,2015,2015-16,113
Law Enforcement-Suspicious Package,2015-04-24 00:00:00,146.0,2015,2015-16,114
Law Enforcement-Suspicious Package,2015-04-24 00:00:00,34.0,2015,2015-16,114
Law Enforcement-Device,2015-04-27 00:00:00,43.0,2015,2015-17,117
Law Enforcement-Device,2015-04-27 00:00:00,160.0,2015,2015-17,117
Law Enforcement-Civil Unrest,2015-04-27 00:00:00,223.0,2015,2015-17,117
Law Enforcement-Mobilization,2015-05-10 00:00:00,0.0,2015,2015-19,130
Law Enforcement-Other,2015-05-14 00:00:00,63.0,2015,2015-19,134
Law Enforcement-Suspicious Package,2015-05-19 00:00:00,50.0,2015,2015-20,139
Law Enforcement-Other,2015-05-19 00:00:00,42.0,2015,2015-20,139
Law Enforcement-Suspicious Package,2015-05-20 00:00:00,91.0,2015,2015-20,140
Law Enforcement-Other,2015-05-20 00:00:00,66.0,2015,2015-20,140
Law Enforcement-Suspicious Package,2015-05-21 00:00:00,19.0,2015,2015-20,141
Law Enforcement-Suspicious Package,2015-05-22 00:00:00,77.0,2015,2015-20,142
Law Enforcement-Suspicious Package,2015-05-25 00:00:00,67.0,2015,2015-21,145
Law Enforcement-Suspicious Package,2015-05-30 00:00:00,28.0,2015,2015-21,150
Law Enforcement-Suspicious Package,2015-06-07 00:00:00,115.0,2015,2015-23,158
Law Enforcement-Other,2015-06-10 00:00:00,93.0,2015,2015-23,161
Law Enforcement-Haz Mat,2015-06-11 00:00:00,113.0,2015,2015-23,162
Law Enforcement-Suspicious Package,2015-06-11 00:00:00,20.0,2015,2015-23,162
Law Enforcement-Device,2015-06-11 00:00:00,81.0,2015,2015-23,162
Law Enforcement-Other,2015-06-11 00:00:00,38.0,2015,2015-23,162
Law Enforcement-Suspicious Package,2015-06-12 00:00:00,54.0,2015,2015-23,163
Law Enforcement-Suspicious Package,2015-06-12 00:00:00,173.0,2015,2015-23,163
Law Enforcement-Suspicious Package,2015-06-17 00:00:00,65.0,2015,2015-24,168
Law Enforcement-Suspicious Package,2015-06-17 00:00:00,58.0,2015,2015-24,168
Law Enforcement-Suspicious Package,2015-06-17 00:00:00,22.0,2015,2015-24,168
Law Enforcement-Device,2015-06-19 00:00:00,123.0,2015,2015-24,170
Law Enforcement-Haz Mat,2015-06-19 00:00:00,224.0,2015,2015-24,170
Law Enforcement-Suspicious Package,2015-06-20 00:00:00,59.0,2015,2015-24,171
Law Enforcement-Other,2015-06-20 00:00:00,126.0,2015,2015-24,171
Law Enforcement-Suspicious Package,2015-06-21 00:00:00,65.0,2015,2015-25,172
Law Enforcement-Suspicious Package,2015-06-25 00:00:00,233.0,2015,2015-25,176
Law Enforcement-Other,2015-06-26 00:00:00,213.0,2015,2015-25,177
Law Enforcement-Suspicious Package,2015-06-27 00:00:00,85.0,2015,2015-25,178
Law Enforcement-Suspicious Package,2015-06-28 00:00:00,59.0,2015,2015-26,179
Law Enforcement-Device,2015-06-29 00:00:00,54.0,2015,2015-26,180
Law Enforcement-Other,2015-07-03 00:00:00,18.0,2015,2015-26,184
Law Enforcement-Other,2015-07-03 00:00:00,690.0,2015,2015-26,184
Law Enforcement-Suspicious Package,2015-07-03 00:00:00,72.0,2015,2015-26,184
Law Enforcement-Suspicious Package,2015-07-05 00:00:00,90.0,2015,2015-27,186
Law Enforcement-Explosion,2015-07-11 00:00:00,69.0,2015,2015-27,192
Law Enforcement-Device,2015-07-14 00:00:00,66.0,2015,2015-28,195
Law Enforcement-Device,2015-07-17 00:00:00,61.0,2015,2015-28,198
Law Enforcement-Suspicious Package,2015-07-23 00:00:00,37.0,2015,2015-29,204
Law Enforcement-Other,2015-07-26 00:00:00,14.0,2015,2015-30,207
Law Enforcement-Device,2015-07-29 00:00:00,49.0,2015,2015-30,210
Law Enforcement-Device,2015-08-06 00:00:00,37.0,2015,2015-31,218
Law Enforcement-Suspicious Package,2015-08-10 00:00:00,106.0,2015,2015-32,222
Law Enforcement-Suspicious Package,2015-08-17 00:00:00,4000.0,2015,2015-33,229
Law Enforcement-Suspicious Package,2015-08-18 00:00:00,48.0,2015,2015-33,230
Law Enforcement-Suspicious Package,2015-08-20 00:00:00,54.0,2015,2015-33,232
Law Enforcement-Suspicious Package,2015-08-26 00:00:00,79.0,2015,2015-34,238
Law Enforcement-Other,2015-08-29 00:00:00,16.0,2015,2015-34,241
Law Enforcement-Suspicious Package,2015-09-07 00:00:00,13.0,2015,2015-36,250
Law Enforcement-Suspicious Package,2015-09-12 00:00:00,340.0,2015,2015-36,255
Law Enforcement-Suspicious Package,2015-09-18 16:51:23,59.0,2015,2015-37,261
Law Enforcement-Suspicious Package,2015-09-20 00:00:00,61.0,2015,2015-38,263
Law Enforcement-Suspicious Package,2015-09-20 00:00:00,59.0,2015,2015-38,263
Law Enforcement-Suspicious Package,2015-09-22 00:00:00,40.0,2015,2015-38,265
Law Enforcement-Device,2015-09-23 00:00:00,62.0,2015,2015-38,266
Law Enforcement-Suspicious Package,2015-09-25 00:00:00,62.0,2015,2015-38,268
Law Enforcement-Suspicious Package,2015-09-26 00:00:00,27.0,2015,2015-38,269
Law Enforcement-Other,2015-09-30 00:00:00,17.0,2015,2015-39,273
Law Enforcement-Other,2015-10-02 00:00:00,46.0,2015,2015-39,275
Law Enforcement-Suspicious Package,2015-10-05 00:00:00,55.0,2015,2015-40,278
Law Enforcement-Suspicious Package,2015-10-06 00:00:00,49.0,2015,2015-40,279
Law Enforcement-Device,2015-10-06 00:00:00,65.0,2015,2015-40,279
Law Enforcement-Suspicious Package,2015-10-07 00:00:00,97.0,2015,2015-40,280
Law Enforcement-Other,2015-10-22 00:00:00,31.0,2015,2015-42,295
Law Enforcement-Suspicious Package,2015-11-03 00:00:00,49.0,2015,2015-44,307
Law Enforcement-Suspicious Package,2015-11-04 00:00:00,3.0,2015,2015-44,308
Law Enforcement-Suspicious Package,2015-11-05 00:00:00,4000.0,2015,2015-44,309
Law Enforcement-Suspicious Package,2015-11-05 00:00:00,48.0,2015,2015-44,309
Law Enforcement-Suspicious Package,2015-11-10 00:00:00,352.0,2015,2015-45,314
Law Enforcement-Suspicious Package,2015-11-16 00:00:00,54.0,2015,2015-46,320
Law Enforcement-Suspicious Package,2015-11-16 00:00:00,59.0,2015,2015-46,320
Law Enforcement-Suspicious Package,2015-11-17 00:00:00,1151.0,2015,2015-46,321
Law Enforcement-Other,2015-11-17 00:00:00,56.0,2015,2015-46,321
Law Enforcement-Suspicious Package,2015-11-19 00:00:00,63.0,2015,2015-46,323
Law Enforcement-Suspicious Package,2015-11-20 00:00:00,81.0,2015,2015-46,324
Law Enforcement-Other,2015-11-23 00:00:00,112.0,2015,2015-47,327
Law Enforcement-Suspicious Package,2015-11-25 00:00:00,71.0,2015,2015-47,329
Law Enforcement-Suspicious Package,2015-11-26 00:00:00,89.0,2015,2015-47,330
Law Enforcement-Suspicious Package,2015-11-30 00:00:00,16.0,2015,2015-48,334
Law Enforcement-Suspicious Package,2015-12-05 00:00:00,59.0,2015,2015-48,339
Law Enforcement-Suspicious Package,2015-12-07 00:00:00,19.0,2015,2015-49,341
Law Enforcement-Suspicious Package,2015-12-10 00:00:00,45.0,2015,2015-49,344
Law Enforcement-Suspicious Package,2015-12-14 00:00:00,98.0,2015,2015-50,348
Law Enforcement-Suspicious Package,2015-12-16 00:00:00,349.0,2015,2015-50,350
Law Enforcement-Suspicious Package,2015-12-22 00:00:00,128.0,2015,2015-51,356
Law Enforcement-Device,2015-12-24 00:00:00,145.0,2015,2015-51,358
Law Enforcement-Suspicious Package,2015-12-24 00:00:00,33.0,2015,2015-51,358
Law Enforcement-Suspicious Package,2015-12-30 00:00:00,4.0,2015,2015-52,364
Law Enforcement-Other,2016-01-08 00:00:00,277.0,2016,2016-01,8
Law Enforcement-Suspicious Package,2016-01-11 00:00:00,30.0,2016,2016-02,11
Law Enforcement-Other,2016-01-11 00:00:00,51.0,2016,2016-02,11
Law Enforcement-Other,2016-01-13 00:00:00,263.0,2016,2016-02,13
Law Enforcement-Other,2016-01-14 00:00:00,86.0,2016,2016-02,14
Law Enforcement-Suspicious Package,2016-01-26 00:00:00,39.0,2016,2016-04,26
Law Enforcement-Suspicious Package,2016-02-01 00:00:00,4000.0,2016,2016-05,32
Law Enforcement-Device,2016-02-03 00:00:00,94.0,2016,2016-05,34
Law Enforcement-Device,2016-02-03 00:00:00,34.0,2016,2016-05,34
Law Enforcement-Other,2016-02-04 00:00:00,233.0,2016,2016-05,35
Law Enforcement-Other,2016-02-09 00:00:00,45.0,2016,2016-06,40
Law Enforcement-Suspicious Package,2016-02-09 00:00:00,6.0,2016,2016-06,40
Law Enforcement-Other,2016-02-11 00:00:00,1182.0,2016,2016-06,42
Law Enforcement-Suspicious Package,2016-02-13 00:00:00,16.0,2016,2016-06,44
Law Enforcement-Suspicious Package,2016-02-16 00:00:00,26.0,2016,2016-07,47
Law Enforcement-Other,2016-02-20 00:00:00,104.0,2016,2016-07,51
Law Enforcement-Suspicious Package,2016-02-21 00:00:00,51.0,2016,2016-08,52
Law Enforcement-Suspicious Package,2016-02-24 00:00:00,62.0,2016,2016-08,55
Law Enforcement-Device,2016-02-25 00:00:00,92.0,2016,2016-08,56
Law Enforcement-Suspicious Package,2016-02-29 00:00:00,71.0,2016,2016-09,60
Law Enforcement-Other,2016-02-29 00:00:00,69.0,2016,2016-09,60
Law Enforcement-Suspicious Package,2016-03-01 00:00:00,45.0,2016,2016-09,61
Law Enforcement-Other,2016-03-02 00:00:00,28.0,2016,2016-09,62
Law Enforcement-Suspicious Package,2016-03-02 00:00:00,97.0,2016,2016-09,62
Law Enforcement-Suspicious Package,2016-03-05 00:00:00,616.0,2016,2016-09,65
Law Enforcement-Other,2016-03-06 00:00:00,181.0,2016,2016-10,66
Law Enforcement-Suspicious Package,2016-03-06 00:00:00,27.0,2016,2016-10,66
Law Enforcement-Suspicious Package,2016-03-08 00:00:00,102.0,2016,2016-10,68
Law Enforcement-Other,2016-03-08 00:00:00,72.0,2016,2016-10,68
Law Enforcement-Other,2016-03-15 00:00:00,56.0,2016,2016-11,75
Law Enforcement-Suspicious Package,2016-03-15 00:00:00,59.0,2016,2016-11,75
Law Enforcement-Device,2016-03-21 00:00:00,28.0,2016,2016-12,81
Law Enforcement-Suspicious Package,2016-03-22 00:00:00,55.0,2016,2016-12,82
Law Enforcement-Haz Mat,2016-03-22 00:00:00,89.0,2016,2016-12,82
Law Enforcement-Suspicious Package,2016-03-24 00:00:00,10.0,2016,2016-12,84
Law Enforcement-Suspicious Package,2016-03-25 00:00:00,64.0,2016,2016-12,85
Law Enforcement-Device,2016-03-28 00:00:00,75.0,2016,2016-13,88
Law Enforcement-Suspicious Package,2016-03-31 00:00:00,829.0,2016,2016-13,91
Law Enforcement-Device,2016-04-02 00:00:00,53.0,2016,2016-13,93
Law Enforcement-Haz Mat,2016-04-06 00:00:00,126.0,2016,2016-14,97
Law Enforcement-Haz Mat,2016-04-08 00:00:00,827.0,2016,2016-14,99
Law Enforcement-Suspicious Package,2016-04-15 00:00:00,50.0,2016,2016-15,106
Law Enforcement-Suspicious Package,2016-04-18 00:00:00,634.0,2016,2016-16,109
Law Enforcement-Suspicious Package,2016-04-20 00:00:00,75.0,2016,2016-16,111
Law Enforcement-Suspicious Package,2016-04-21 00:00:00,15.0,2016,2016-16,112
Law Enforcement-Other,2016-04-23 00:00:00,92.0,2016,2016-16,114
Law Enforcement-Haz Mat,2016-04-28 00:00:00,4000.0,2016,2016-17,119
Law Enforcement-Suspicious Package,2016-05-01 00:00:00,13.0,2016,2016-18,122
Law Enforcement-Suspicious Package,2016-05-07 00:00:00,17.0,2016,2016-18,128
Law Enforcement-Other,2016-05-14 00:00:00,26.0,2016,2016-19,135
Law Enforcement-Device,2016-05-15 00:00:00,45.0,2016,2016-20,136
Law Enforcement-Device,2016-05-22 00:00:00,42.0,2016,2016-21,143
Law Enforcement-Suspicious Package,2016-05-27 00:00:00,98.0,2016,2016-21,148
Law Enforcement-Suspicious Package,2016-05-28 00:00:00,28.0,2016,2016-21,149
Law Enforcement-Suspicious Package,2016-06-02 00:00:00,20.0,2016,2016-22,154
Law Enforcement-Device,2016-06-13 00:00:00,73.0,2016,2016-24,165
Law Enforcement-Device,2016-06-15 00:00:00,23.0,2016,2016-24,167
Law Enforcement-Suspicious Package,2016-06-23 00:00:00,10.0,2016,2016-25,175
Law Enforcement-Suspicious Package,2016-06-28 00:00:00,41.0,2016,2016-26,180
Law Enforcement-Device,2016-07-03 00:00:00,103.0,2016,2016-27,185
Law Enforcement-Other,2016-07-04 00:00:00,50.0,2016,2016-27,186
Law Enforcement-Suspicious Package,2016-07-05 00:00:00,55.0,2016,2016-27,187
Law Enforcement-Device,2016-07-05 00:00:00,123.0,2016,2016-27,187
Law Enforcement-Suspicious Package,2016-07-08 00:00:00,45.0,2016,2016-27,190
Law Enforcement-Suspicious Package,2016-07-10 00:00:00,63.0,2016,2016-28,192
Law Enforcement-Suspicious Package,2016-07-15 00:00:00,6.0,2016,2016-28,197
Law Enforcement-Suspicious Package,2016-07-20 00:00:00,83.0,2016,2016-29,202
Law Enforcement-Suspicious Package,2016-07-20 00:00:00,48.0,2016,2016-29,202
Law Enforcement-Other,2016-07-20 00:00:00,206.0,2016,2016-29,202
Law Enforcement-Other,2016-07-21 00:00:00,1784.0,2016,2016-29,203
Law Enforcement-Suspicious Package,2016-07-21 00:00:00,56.0,2016,2016-29,203
Law Enforcement-Suspicious Package,2016-07-24 00:00:00,31.0,2016,2016-30,206
Law Enforcement-Haz Mat,2016-07-29 00:00:00,28.0,2016,2016-30,211
Law Enforcement-Device,2016-08-02 00:00:00,44.0,2016,2016-31,215
Law Enforcement-Suspicious Package,2016-08-08 00:00:00,39.0,2016,2016-32,221
Law Enforcement-Other,2016-08-08 04:38:32,127.0,2016,2016-32,221
Law Enforcement-Suspicious Package,2016-08-10 00:00:00,59.0,2016,2016-32,223
Law Enforcement-Other,2016-08-14 00:00:00,279.0,2016,2016-33,227
Law Enforcement-Haz Mat,2016-08-21 00:00:00,119.0,2016,2016-34,234
Law Enforcement-Haz Mat,2016-08-23 18:23:11,191.0,2016,2016-34,236
Law Enforcement-Haz Mat,2016-08-31 17:10:43,191.0,2016,2016-35,244
Law Enforcement-Suspicious Package,2016-09-05 00:00:00,68.0,2016,2016-36,249
Law Enforcement-Suspicious Package,2016-09-10 00:00:00,95.0,2016,2016-36,254
Law Enforcement-Suspicious Package,2016-09-13 00:00:00,44.0,2016,2016-37,257
Law Enforcement-Device,2016-09-14 00:00:00,44.0,2016,2016-37,258
Law Enforcement-Suspicious Package,2016-09-18 00:00:00,15.0,2016,2016-38,262
Law Enforcement-Suspicious Package,2016-09-18 00:00:00,45.0,2016,2016-38,262
Law Enforcement-Suspicious Package,2016-09-19 00:00:00,60.0,2016,2016-38,263
Law Enforcement-Suspicious Package,2016-09-19 00:00:00,59.0,2016,2016-38,263
Law Enforcement-Suspicious Package,2016-09-20 00:00:00,49.0,2016,2016-38,264
Law Enforcement-Suspicious Package,2016-09-20 00:00:00,53.0,2016,2016-38,264
Law Enforcement-Suspicious Package,2016-09-20 00:00:00,59.0,2016,2016-38,264
Law Enforcement-Suspicious Package,2016-09-20 00:00:00,27.0,2016,2016-38,264
Law Enforcement-Suspicious Package,2016-09-21 00:00:00,4.0,2016,2016-38,265
Law Enforcement-Suspicious Package,2016-09-21 00:00:00,57.0,2016,2016-38,265
Law Enforcement-Suspicious Package,2016-09-21 00:00:00,17.0,2016,2016-38,265
Law Enforcement-Suspicious Package,2016-09-21 00:00:00,61.0,2016,2016-38,265
Law Enforcement-Suspicious Package,2016-09-21 00:00:00,100.0,2016,2016-38,265
Law Enforcement-Suspicious Package,2016-09-21 00:00:00,26.0,2016,2016-38,265
Law Enforcement-Other,2016-09-22 00:00:00,1321.0,2016,2016-38,266
Law Enforcement-Other,2016-09-22 23:44:32,127.0,2016,2016-38,266
Law Enforcement-Suspicious Package,2016-09-23 00:00:00,19.0,2016,2016-38,267
Law Enforcement-Suspicious Package,2016-09-24 00:00:00,9.0,2016,2016-38,268
Law Enforcement-Suspicious Package,2016-09-25 00:00:00,26.0,2016,2016-39,269
Law Enforcement-Device,2016-09-26 00:00:00,36.0,2016,2016-39,270
Law Enforcement-Suspicious Package,2016-09-26 00:00:00,140.0,2016,2016-39,270
Law Enforcement-Suspicious Package,2016-09-26 00:00:00,48.0,2016,2016-39,270
Law Enforcement-Suspicious Package,2016-09-26 00:00:00,64.0,2016,2016-39,270
Law Enforcement-Explosion,2016-09-27 00:00:00,4000.0,2016,2016-39,271
Law Enforcement-Haz Mat,2016-09-27 00:00:00,4000.0,2016,2016-39,271
Law Enforcement-Explosion,2016-09-27 07:36:10,125.0,2016,2016-39,271
Law Enforcement-Explosion,2016-09-27 07:36:10,125.0,2016,2016-39,271
Law Enforcement-Explosion,2016-09-27 07:36:10,125.0,2016,2016-39,271
Law Enforcement-Explosion,2016-09-27 07:36:10,125.0,2016,2016-39,271
Law Enforcement-Explosion,2016-09-27 07:36:10,125.0,2016,2016-39,271
Law Enforcement-Explosion,2016-09-27 07:36:10,125.0,2016,2016-39,271
Law Enforcement-Explosion,2016-09-27 07:36:10,125.0,2016,2016-39,271
Law Enforcement-Explosion,2016-09-27 07:36:10,125.0,2016,2016-39,271
Law Enforcement-Explosion,2016-09-27 07:36:10,125.0,2016,2016-39,271
Law Enforcement-Explosion,2016-09-27 07:36:10,125.0,2016,2016-39,271
Law Enforcement-Explosion,2016-09-27 07:36:10,125.0,2016,2016-39,271
Law Enforcement-Explosion,2016-09-27 07:36:10,125.0,2016,2016-39,271
Law Enforcement-Explosion,2016-09-27 07:36:10,125.0,2016,2016-39,271
Law Enforcement-Explosion,2016-09-27 07:36:10,125.0,2016,2016-39,271
Law Enforcement-Explosion,2016-09-27 07:36:10,125.0,2016,2016-39,271
Law Enforcement-Explosion,2016-09-27 07:36:10,125.0,2016,2016-39,271
Law Enforcement-Haz Mat,2016-09-27 14:52:01,191.0,2016,2016-39,271
Law Enforcement-Haz Mat,2016-09-27 14:52:01,191.0,2016,2016-39,271
Law Enforcement-Haz Mat,2016-09-27 14:52:01,191.0,2016,2016-39,271
Law Enforcement-Suspicious Package,2016-09-29 00:00:00,53.0,2016,2016-39,273
Law Enforcement-Suspicious Package,2016-09-30 00:00:00,137.0,2016,2016-39,274
Law Enforcement-Device,2016-10-01 00:00:00,77.0,2016,2016-39,275
Law Enforcement-Suspicious Package,2016-10-03 00:00:00,85.0,2016,2016-40,277
Law Enforcement-Suspicious Package,2016-10-05 00:00:00,129.0,2016,2016-40,279
Law Enforcement-Suspicious Package,2016-10-10 00:00:00,32.0,2016,2016-41,284
Law Enforcement-Suspicious Package,2016-10-13 00:00:00,85.0,2016,2016-41,287
Law Enforcement-Suspicious Package,2016-10-20 00:00:00,60.0,2016,2016-42,294
Law Enforcement-Suspicious Package,2016-10-21 00:00:00,4000.0,2016,2016-42,295
Law Enforcement-Suspicious Package,2016-10-21 21:49:38,59.0,2016,2016-42,295
Law Enforcement-Suspicious Package,2016-10-21 21:49:38,59.0,2016,2016-42,295
Law Enforcement-Device,2016-10-27 00:00:00,43.0,2016,2016-43,301
Law Enforcement-Other,2016-10-28 00:00:00,50.0,2016,2016-43,302
Law Enforcement-Other,2016-10-29 00:00:00,4000.0,2016,2016-43,303
Law Enforcement-Other,2016-10-29 00:00:00,4000.0,2016,2016-43,303
Law Enforcement-Other,2016-10-29 17:35:28,127.0,2016,2016-43,303
Law Enforcement-Other,2016-10-29 17:35:28,127.0,2016,2016-43,303
Law Enforcement-Other,2016-10-29 17:35:28,127.0,2016,2016-43,303
Law Enforcement-Other,2016-10-29 17:35:28,127.0,2016,2016-43,303
Law Enforcement-Other,2016-10-29 17:35:28,127.0,2016,2016-43,303
Law Enforcement-Suspicious Package,2016-10-30 00:00:00,75.0,2016,2016-44,304
Law Enforcement-Suspicious Package,2016-10-31 00:00:00,54.0,2016,2016-44,305
Law Enforcement-Suspicious Package,2016-11-01 00:00:00,12.0,2016,2016-44,306
Law Enforcement-Other,2016-11-03 00:00:00,59.0,2016,2016-44,308
Law Enforcement-Suspicious Package,2016-11-06 00:00:00,47.0,2016,2016-45,311
Law Enforcement-Suspicious Package,2016-11-06 00:00:00,34.0,2016,2016-45,311
Law Enforcement-Suspicious Package,2016-11-14 00:00:00,89.0,2016,2016-46,319
Law Enforcement-Suspicious Package,2016-11-17 19:12:02,59.0,2016,2016-46,322
Law Enforcement-Device,2016-11-20 00:00:00,89.0,2016,2016-47,325
Law Enforcement-Device,2016-11-20 00:00:00,79.0,2016,2016-47,325
Law Enforcement-Suspicious Package,2016-11-28 00:00:00,29.0,2016,2016-48,333
Law Enforcement-Suspicious Package,2016-12-02 00:00:00,68.0,2016,2016-48,337
Law Enforcement-Other,2016-12-11 00:00:00,50.0,2016,2016-50,346
Law Enforcement-Suspicious Package,2016-12-12 00:00:00,270.0,2016,2016-50,347
Law Enforcement-Suspicious Package,2016-12-23 00:00:00,31.0,2016,2016-51,358
Law Enforcement-Suspicious Package,2016-12-27 00:00:00,67.0,2016,2016-52,362
Law Enforcement-Device,2016-12-28 00:00:00,15.0,2016,2016-52,363
Law Enforcement-Suspicious Package,2016-12-30 00:00:00,88.0,2016,2016-52,365
Law Enforcement-Suspicious Package,2017-01-03 00:00:00,75.0,2017,2017-01,3
Law Enforcement-Other,2017-01-03 19:19:15,127.0,2017,2017-01,3
Law Enforcement-Suspicious Package,2017-01-14 00:00:00,46.0,2017,2017-02,14
Law Enforcement-Device,2017-01-19 00:00:00,82.0,2017,2017-03,19
Law Enforcement-Suspicious Package,2017-01-20 00:00:00,52.0,2017,2017-03,20
Law Enforcement-Suspicious Package,2017-01-25 21:43:10,59.0,2017,2017-04,25
Law Enforcement-Suspicious Package,2017-02-08 00:00:00,35.0,2017,2017-06,39
Law Enforcement-Device,2017-02-13 00:00:00,38.0,2017,2017-07,44
Law Enforcement-Suspicious Package,2017-02-20 00:00:00,42.0,2017,2017-08,51
Law Enforcement-Other,2017-02-21 15:32:14,127.0,2017,2017-08,52
Law Enforcement-Other,2017-02-21 15:32:14,127.0,2017,2017-08,52
Law Enforcement-Other,2017-02-28 00:00:00,87.0,2017,2017-09,59
Law Enforcement-Device,2017-03-02 00:00:00,38.0,2017,2017-09,61
Law Enforcement-Other,2017-03-03 00:00:00,648.0,2017,2017-09,62
Law Enforcement-Device,2017-03-04 00:00:00,23.0,2017,2017-09,63
Law Enforcement-Device,2017-03-08 00:00:00,52.0,2017,2017-10,67
Law Enforcement-Device,2017-03-08 00:00:00,66.0,2017,2017-10,67
Law Enforcement-Other,2017-03-09 00:00:00,246.0,2017,2017-10,68
Law Enforcement-Other,2017-03-10 00:00:00,79.0,2017,2017-10,69
Law Enforcement-Suspicious Package,2017-03-12 00:00:00,16.0,2017,2017-11,71
Law Enforcement-Suspicious Package,2017-03-13 00:00:00,78.0,2017,2017-11,72
Law Enforcement-Suspicious Package,2017-03-25 00:00:00,4000.0,2017,2017-12,84
Law Enforcement-Suspicious Package,2017-03-25 01:00:22,59.0,2017,2017-12,84
Law Enforcement-Suspicious Package,2017-03-25 01:00:22,59.0,2017,2017-12,84
Law Enforcement-Other,2017-03-26 00:00:00,52.0,2017,2017-13,85
Law Enforcement-Device,2017-04-02 00:00:00,29.0,2017,2017-14,92
Law Enforcement-Haz Mat,2017-04-13 00:00:00,4000.0,2017,2017-15,103
Law Enforcement-Haz Mat,2017-04-13 23:22:35,191.0,2017,2017-15,103
Law Enforcement-Haz Mat,2017-04-13 23:22:35,191.0,2017,2017-15,103
Law Enforcement-Other,2017-04-14 00:00:00,700.0,2017,2017-15,104
Law Enforcement-Suspicious Package,2017-04-15 00:00:00,91.0,2017,2017-15,105
Law Enforcement-Mobilization,2017-04-19 00:00:00,93.0,2017,2017-16,109
Law Enforcement-Suspicious Package,2017-04-22 00:00:00,18.0,2017,2017-16,112
Law Enforcement-Device,2017-04-25 00:00:00,31.0,2017,2017-17,115
Law Enforcement-Other,2017-04-30 00:00:00,14.0,2017,2017-18,120
Law Enforcement-Suspicious Package,2017-04-30 00:00:00,50.0,2017,2017-18,120
Law Enforcement-Suspicious Package,2017-04-30 00:00:00,84.0,2017,2017-18,120
Law Enforcement-Other,2017-05-08 00:00:00,79.0,2017,2017-19,128
Law Enforcement-Device,2017-05-15 00:00:00,21.0,2017,2017-20,135
Law Enforcement-Device,2017-05-22 00:00:00,64.0,2017,2017-21,142
Law Enforcement-Device,2017-05-23 00:00:00,46.0,2017,2017-21,143
Law Enforcement-Suspicious Package,2017-05-25 00:00:00,57.0,2017,2017-21,145
Law Enforcement-Suspicious Package,2017-05-27 00:00:00,59.0,2017,2017-21,147
Law Enforcement-Mobilization,2017-05-27 00:00:00,67.0,2017,2017-21,147
Law Enforcement-Mobilization,2017-05-30 00:00:00,23.0,2017,2017-22,150
Law Enforcement-Device,2017-06-04 00:00:00,35.0,2017,2017-23,155
Law Enforcement-Suspicious Package,2017-06-05 00:00:00,31.0,2017,2017-23,156
Law Enforcement-Other,2017-06-07 00:00:00,71.0,2017,2017-23,158
Law Enforcement-Suspicious Package,2017-06-20 00:00:00,67.0,2017,2017-25,171
Law Enforcement-Suspicious Package,2017-06-29 00:00:00,753.0,2017,2017-26,180
Law Enforcement-Other,2017-06-30 00:00:00,820.0,2017,2017-26,181
Law Enforcement-Suspicious Package,2017-07-02 00:00:00,96.0,2017,2017-27,183
Law Enforcement-Device,2017-07-03 00:00:00,336.0,2017,2017-27,184
Law Enforcement-Other,2017-07-05 00:00:00,442.0,2017,2017-27,186
Law Enforcement-Device,2017-07-05 00:00:00,130.0,2017,2017-27,186
Law Enforcement-Other,2017-07-05 00:59:11,127.0,2017,2017-27,186
Law Enforcement-Other,2017-07-08 00:00:00,187.0,2017,2017-27,189
Law Enforcement-Suspicious Package,2017-07-09 00:00:00,22.0,2017,2017-28,190
Law Enforcement-Suspicious Package,2017-07-15 00:00:00,78.0,2017,2017-28,196
Law Enforcement-Suspicious Package,2017-07-20 00:00:00,147.0,2017,2017-29,201
Law Enforcement-Suspicious Package,2017-07-20 00:00:00,151.0,2017,2017-29,201
Law Enforcement-Device,2017-07-25 00:00:00,17.0,2017,2017-30,206
Law Enforcement-Explosion,2017-07-28 00:00:00,1204.0,2017,2017-30,209
Law Enforcement-Explosion,2017-07-28 17:14:42,125.0,2017,2017-30,209
Law Enforcement-Suspicious Package,2017-08-01 00:00:00,92.0,2017,2017-31,213
Law Enforcement-Suspicious Package,2017-08-04 00:00:00,33.0,2017,2017-31,216
Law Enforcement-Suspicious Package,2017-08-07 00:00:00,9.0,2017,2017-32,219
Law Enforcement-Suspicious Package,2017-08-10 00:00:00,29.0,2017,2017-32,222
Law Enforcement-Suspicious Package,2017-08-13 00:00:00,107.0,2017,2017-33,225
Law Enforcement-Suspicious Package,2017-08-15 00:00:00,43.0,2017,2017-33,227
Law Enforcement-Suspicious Package,2017-09-07 00:00:00,54.0,2017,2017-36,250
Law Enforcement-Device,2017-09-07 00:00:00,33.0,2017,2017-36,250
Law Enforcement-Suspicious Package,2017-09-12 00:00:00,61.0,2017,2017-37,255
Law Enforcement-Suspicious Package,2017-09-14 00:00:00,4000.0,2017,2017-37,257
Law Enforcement-Suspicious Package,2017-09-14 00:00:00,50.0,2017,2017-37,257
Law Enforcement-Mobilization,2017-09-14 00:00:00,17.0,2017,2017-37,257
Law Enforcement-Device,2017-09-14 00:00:00,23.0,2017,2017-37,257
Law Enforcement-Suspicious Package,2017-09-14 21:44:04,59.0,2017,2017-37,257
Law Enforcement-Suspicious Package,2017-09-15 00:00:00,4000.0,2017,2017-37,258
Law Enforcement-Suspicious Package,2017-09-15 14:37:12,59.0,2017,2017-37,258
Law Enforcement-Suspicious Package,2017-09-15 14:37:12,59.0,2017,2017-37,258
Law Enforcement-Suspicious Package,2017-09-15 14:37:12,59.0,2017,2017-37,258
Law Enforcement-Suspicious Package,2017-09-15 14:37:12,59.0,2017,2017-37,258
Law Enforcement-Suspicious Package,2017-09-20 00:00:00,27.0,2017,2017-38,263
Law Enforcement-Suspicious Package,2017-09-29 00:00:00,26.0,2017,2017-39,272
Law Enforcement-Suspicious Package,2017-10-04 00:00:00,4000.0,2017,2017-40,277
Law Enforcement-Suspicious Package,2017-10-04 15:02:25,59.0,2017,2017-40,277
Law Enforcement-Suspicious Package,2017-10-04 15:02:25,59.0,2017,2017-40,277
Law Enforcement-Other,2017-10-04 17:58:40,127.0,2017,2017-40,277
Law Enforcement-Suspicious Package,2017-10-12 00:00:00,623.0,2017,2017-41,285
Law Enforcement-Suspicious Package,2017-10-14 00:00:00,109.0,2017,2017-41,287
Law Enforcement-Suspicious Package,2017-10-26 00:00:00,4000.0,2017,2017-43,299
Law Enforcement-Suspicious Package,2017-10-26 15:17:12,59.0,2017,2017-43,299
Law Enforcement-Suspicious Package,2017-10-26 15:17:12,59.0,2017,2017-43,299
Law Enforcement-Other,2017-10-31 00:00:00,2485.0,2017,2017-44,304
Law Enforcement-Other,2017-10-31 15:36:30,127.0,2017,2017-44,304
Law Enforcement-Other,2017-10-31 15:36:30,127.0,2017,2017-44,304
Law Enforcement-Suspicious Package,2017-11-05 00:00:00,7.0,2017,2017-45,309
Law Enforcement-Suspicious Package,2017-11-06 00:00:00,39.0,2017,2017-45,310
Law Enforcement-Other,2017-11-08 00:00:00,40.0,2017,2017-45,312
Law Enforcement-Suspicious Package,2017-11-09 00:00:00,4000.0,2017,2017-45,313
Law Enforcement-Suspicious Package,2017-11-09 12:57:47,59.0,2017,2017-45,313
Law Enforcement-Suspicious Package,2017-11-09 12:57:47,59.0,2017,2017-45,313
Law Enforcement-Suspicious Package,2017-11-09 12:57:47,59.0,2017,2017-45,313
Law Enforcement-Suspicious Package,2017-11-11 00:00:00,101.0,2017,2017-45,315
Law Enforcement-Suspicious Package,2017-11-13 00:00:00,77.0,2017,2017-46,317
Law Enforcement-Suspicious Package,2017-11-28 00:00:00,46.0,2017,2017-48,332
Law Enforcement-Other,2017-11-29 00:00:00,59.0,2017,2017-48,333
Law Enforcement-Suspicious Package,2017-11-30 00:00:00,26.0,2017,2017-48,334
Law Enforcement-Other,2017-12-04 00:00:00,64.0,2017,2017-49,338
Law Enforcement-Other,2017-12-06 00:00:00,243.0,2017,2017-49,340
Law Enforcement-Suspicious Package,2017-12-07 00:00:00,91.0,2017,2017-49,341
Law Enforcement-Explosion,2017-12-11 00:00:00,1448.0,2017,2017-50,345
Law Enforcement-Explosion,2017-12-11 07:50:42,125.0,2017,2017-50,345
Law Enforcement-Other,2017-12-13 00:00:00,170.0,2017,2017-50,347
Law Enforcement-Other,2017-12-13 00:00:00,267.0,2017,2017-50,347
Law Enforcement-Suspicious Package,2017-12-31 00:00:00,49.0,2017,2017-53,365
Law Enforcement-Suspicious Package,2017-12-31 00:00:00,65.0,2017,2017-53,365
Law Enforcement-Suspicious Package,2018-01-13 00:00:00,74.0,2018,2018-01,13
Law Enforcement-Suspicious Package,2018-01-26 00:00:00,80.0,2018,2018-03,26
Law Enforcement-Device,2018-01-27 00:00:00,70.0,2018,2018-03,27
Law Enforcement-Other,2018-02-01 00:00:00,36.0,2018,2018-04,32
Law Enforcement-Device,2018-02-01 00:00:00,48.0,2018,2018-04,32
Law Enforcement-Suspicious Package,2018-02-08 00:00:00,8.0,2018,2018-05,39
Law Enforcement-Other,2018-02-12 00:00:00,4000.0,2018,2018-06,43
Law Enforcement-Other,2018-02-12 11:06:31,127.0,2018,2018-06,43
Law Enforcement-Other,2018-02-12 11:06:31,127.0,2018,2018-06,43
Law Enforcement-Suspicious Package,2018-02-15 00:00:00,123.0,2018,2018-06,46
Law Enforcement-Suspicious Package,2018-02-19 00:00:00,132.0,2018,2018-07,50
Law Enforcement-Suspicious Package,2018-02-20 00:00:00,203.0,2018,2018-07,51
Law Enforcement-Suspicious Package,2018-02-20 00:00:00,4000.0,2018,2018-07,51
Law Enforcement-Suspicious Package,2018-02-20 18:11:08,59.0,2018,2018-07,51
Law Enforcement-Other,2018-02-22 00:00:00,4000.0,2018,2018-07,53
Law Enforcement-Other,2018-02-22 12:44:04,127.0,2018,2018-07,53
Law Enforcement-Other,2018-02-22 12:44:04,127.0,2018,2018-07,53
Law Enforcement-Suspicious Package,2018-02-27 00:00:00,166.0,2018,2018-08,58
Law Enforcement-Suspicious Package,2018-03-01 00:00:00,31.0,2018,2018-08,60
Law Enforcement-Suspicious Package,2018-03-10 00:00:00,28.0,2018,2018-09,69
Law Enforcement-Suspicious Package,2018-03-12 00:00:00,4000.0,2018,2018-10,71
Law Enforcement-Suspicious Package,2018-03-12 00:00:00,44.0,2018,2018-10,71
Law Enforcement-Suspicious Package,2018-03-12 14:36:34,59.0,2018,2018-10,71
Law Enforcement-Suspicious Package,2018-03-12 14:36:34,59.0,2018,2018-10,71
Law Enforcement-Suspicious Package,2018-03-17 00:00:00,233.0,2018,2018-10,76
Law Enforcement-Mobilization,2018-03-22 00:00:00,106.0,2018,2018-11,81
Law Enforcement-Haz Mat,2018-03-24 00:00:00,4000.0,2018,2018-11,83
Law Enforcement-Haz Mat,2018-03-24 01:49:54,191.0,2018,2018-11,83
Law Enforcement-Haz Mat,2018-03-24 01:49:54,191.0,2018,2018-11,83
Law Enforcement-Haz Mat,2018-03-24 01:49:54,191.0,2018,2018-11,83
Law Enforcement-Suspicious Package,2018-03-26 00:00:00,4000.0,2018,2018-12,85
Law Enforcement-Suspicious Package,2018-03-26 16:34:16,59.0,2018,2018-12,85
Law Enforcement-Suspicious Package,2018-03-28 00:00:00,50.0,2018,2018-12,87
Law Enforcement-Suspicious Package,2018-04-02 00:00:00,19.0,2018,2018-13,92
Law Enforcement-Suspicious Package,2018-04-03 00:00:00,87.0,2018,2018-13,93
Law Enforcement-Suspicious Package,2018-04-04 00:00:00,133.0,2018,2018-13,94
Law Enforcement-Device,2018-04-09 00:00:00,168.0,2018,2018-14,99
Law Enforcement-Suspicious Package,2018-04-09 00:00:00,56.0,2018,2018-14,99
Law Enforcement-Suspicious Package,2018-04-12 00:00:00,29.0,2018,2018-14,102
Law Enforcement-Suspicious Package,2018-04-15 00:00:00,17.0,2018,2018-15,105
Law Enforcement-Suspicious Package,2018-04-25 00:00:00,81.0,2018,2018-16,115
Law Enforcement-Suspicious Package,2018-05-03 00:00:00,69.0,2018,2018-17,123
Law Enforcement-Suspicious Package,2018-05-03 00:00:00,1559.0,2018,2018-17,123
Law Enforcement-Suspicious Package,2018-05-03 11:50:38,59.0,2018,2018-17,123
Law Enforcement-Other,2018-05-04 00:00:00,289.0,2018,2018-17,124
Law Enforcement-Device,2018-05-06 00:00:00,745.0,2018,2018-18,126
Law Enforcement-Suspicious Package,2018-05-09 00:00:00,42.0,2018,2018-18,129
Law Enforcement-Suspicious Package,2018-05-09 00:00:00,33.0,2018,2018-18,129
Law Enforcement-Haz Mat,2018-05-22 00:00:00,158.0,2018,2018-20,142
Law Enforcement-Other,2018-05-24 16:30:16,127.0,2018,2018-20,144
Law Enforcement-Other,2018-06-01 00:00:00,42.0,2018,2018-21,152
Law Enforcement-Other,2018-06-01 00:00:00,128.0,2018,2018-21,152
Law Enforcement-Other,2018-06-01 07:18:18,127.0,2018,2018-21,152
Law Enforcement-Suspicious Package,2018-06-08 00:00:00,29.0,2018,2018-22,159
Law Enforcement-Suspicious Package,2018-06-11 00:00:00,4000.0,2018,2018-23,162
Law Enforcement-Suspicious Package,2018-06-11 17:27:11,59.0,2018,2018-23,162
Law Enforcement-Suspicious Package,2018-06-11 17:27:11,59.0,2018,2018-23,162
Law Enforcement-Device,2018-06-13 00:00:00,198.0,2018,2018-23,164
Law Enforcement-Device,2018-06-13 07:28:36,53.0,2018,2018-23,164
Law Enforcement-Suspicious Package,2018-06-14 00:00:00,77.0,2018,2018-23,165
Law Enforcement-Haz Mat,2018-06-15 00:00:00,81.0,2018,2018-23,166
Law Enforcement-Other,2018-06-22 00:00:00,25.0,2018,2018-24,173
Law Enforcement-Other,2018-07-02 00:00:00,109.0,2018,2018-26,183
Law Enforcement-Suspicious Package,2018-07-03 00:00:00,89.0,2018,2018-26,184
Law Enforcement-Suspicious Package,2018-07-04 00:00:00,91.0,2018,2018-26,185
Law Enforcement-Device,2018-07-11 00:00:00,32.0,2018,2018-27,192
Law Enforcement-Suspicious Package,2018-07-17 00:00:00,79.0,2018,2018-28,198
Law Enforcement-Haz Mat,2018-07-17 00:00:00,277.0,2018,2018-28,198
Law Enforcement-Suspicious Package,2018-07-27 00:00:00,1137.0,2018,2018-29,208
Law Enforcement-Suspicious Package,2018-07-27 18:07:56,59.0,2018,2018-29,208
Law Enforcement-Other,2018-08-03 00:00:00,96.0,2018,2018-30,215
Law Enforcement-Haz Mat,2018-08-06 00:00:00,52.0,2018,2018-31,218
Law Enforcement-Suspicious Package,2018-08-12 00:00:00,53.0,2018,2018-32,224
Law Enforcement-Suspicious Package,2018-08-13 00:00:00,17.0,2018,2018-32,225
Law Enforcement-Suspicious Package,2018-08-15 00:00:00,531.0,2018,2018-32,227
Law Enforcement-Suspicious Package,2018-08-15 00:00:00,16.0,2018,2018-32,227
Law Enforcement-Suspicious Package,2018-08-21 00:00:00,4000.0,2018,2018-33,233
Law Enforcement-Suspicious Package,2018-08-21 17:59:23,59.0,2018,2018-33,233
Law Enforcement-Suspicious Package,2018-08-21 17:59:23,59.0,2018,2018-33,233
Law Enforcement-Device,2018-09-04 00:00:00,139.0,2018,2018-35,247
Law Enforcement-Suspicious Package,2018-09-06 00:00:00,471.0,2018,2018-35,249
Law Enforcement-Suspicious Package,2018-09-10 00:00:00,453.0,2018,2018-36,253
Law Enforcement-Device,2018-09-15 00:00:00,49.0,2018,2018-36,258
Law Enforcement-Suspicious Package,2018-09-27 00:00:00,94.0,2018,2018-38,270
Law Enforcement-Suspicious Package,2018-09-30 00:00:00,62.0,2018,2018-39,273
Law Enforcement-Other,2018-10-06 00:00:00,13.0,2018,2018-39,279
Law Enforcement-Suspicious Package,2018-10-16 00:00:00,28.0,2018,2018-41,289
Law Enforcement-Other,2018-10-24 00:00:00,4000.0,2018,2018-42,297
Law Enforcement-Suspicious Package,2018-10-24 00:00:00,399.0,2018,2018-42,297
Law Enforcement-Other,2018-10-24 13:08:50,127.0,2018,2018-42,297
Law Enforcement-Suspicious Package,2018-10-25 00:00:00,150.0,2018,2018-42,298
Law Enforcement-Suspicious Package,2018-10-25 00:00:00,1972.0,2018,2018-42,298
Law Enforcement-Device,2018-10-25 00:00:00,30.0,2018,2018-42,298
Law Enforcement-Suspicious Package,2018-10-25 00:00:00,89.0,2018,2018-42,298
Law Enforcement-Suspicious Package,2018-10-25 05:17:18,59.0,2018,2018-42,298
Law Enforcement-Suspicious Package,2018-10-26 00:00:00,195.0,2018,2018-42,299
Law Enforcement-Suspicious Package,2018-10-26 00:00:00,218.0,2018,2018-42,299
Law Enforcement-Other,2018-10-29 00:00:00,4000.0,2018,2018-43,302
Law Enforcement-Other,2018-10-29 00:00:00,65.0,2018,2018-43,302
Law Enforcement-Other,2018-10-29 16:35:53,127.0,2018,2018-43,302
Law Enforcement-Other,2018-10-29 16:35:53,127.0,2018,2018-43,302
Law Enforcement-Other,2018-10-29 16:35:53,127.0,2018,2018-43,302
Law Enforcement-Device,2018-10-31 00:00:00,57.0,2018,2018-43,304
Law Enforcement-Suspicious Package,2018-11-02 00:00:00,36.0,2018,2018-43,306
Law Enforcement-Suspicious Package,2018-11-03 00:00:00,118.0,2018,2018-43,307
Law Enforcement-Suspicious Package,2018-11-04 00:00:00,88.0,2018,2018-44,308
Law Enforcement-Suspicious Package,2018-11-05 00:00:00,44.0,2018,2018-44,309
Law Enforcement-Suspicious Package,2018-11-07 00:00:00,2303.0,2018,2018-44,311
Law Enforcement-Suspicious Package,2018-11-07 15:09:50,59.0,2018,2018-44,311
Law Enforcement-Suspicious Package,2018-11-11 00:00:00,40.0,2018,2018-45,315
Law Enforcement-Suspicious Package,2018-11-15 00:00:00,103.0,2018,2018-45,319
Law Enforcement-Other,2018-11-18 00:00:00,17.0,2018,2018-46,322
Law Enforcement-Device,2018-11-19 00:00:00,17.0,2018,2018-46,323
Law Enforcement-Suspicious Package,2018-11-20 00:00:00,55.0,2018,2018-46,324
Law Enforcement-Suspicious Package,2018-12-04 00:00:00,4000.0,2018,2018-48,338
Law Enforcement-Suspicious Package,2018-12-04 14:35:11,59.0,2018,2018-48,338
Law Enforcement-Suspicious Package,2018-12-04 14:35:11,59.0,2018,2018-48,338
Law Enforcement-Suspicious Package,2018-12-04 14:35:11,59.0,2018,2018-48,338
Law Enforcement-Suspicious Package,2018-12-07 00:00:00,107.0,2018,2018-48,341
Law Enforcement-Other,2018-12-13 00:00:00,42.0,2018,2018-49,347
Law Enforcement-Other,2018-12-17 00:00:00,692.0,2018,2018-50,351
Law Enforcement-Suspicious Package,2018-12-18 00:00:00,4000.0,2018,2018-50,352
Law Enforcement-Suspicious Package,2018-12-18 00:00:00,4000.0,2018,2018-50,352
Law Enforcement-Suspicious Package,2018-12-18 11:13:47,59.0,2018,2018-50,352
Law Enforcement-Suspicious Package,2018-12-18 11:13:47,59.0,2018,2018-50,352
Law Enforcement-Suspicious Package,2018-12-18 13:13:47,59.0,2018,2018-50,352
Law Enforcement-Suspicious Package,2018-12-18 13:13:47,59.0,2018,2018-50,352
Law Enforcement-Suspicious Package,2018-12-19 00:00:00,4000.0,2018,2018-50,353
Law Enforcement-Suspicious Package,2018-12-19 11:18:18,59.0,2018,2018-50,353
Law Enforcement-Suspicious Package,2018-12-19 11:18:18,59.0,2018,2018-50,353
Law Enforcement-Suspicious Package,2018-12-31 00:00:00,42.0,2018,2018-52,365
Law Enforcement-Device,2019-01-10 00:00:00,52.0,2019,2019-01,10
Law Enforcement-Device,2019-01-16 00:00:00,113.0,2019,2019-02,16
Law Enforcement-Other,2019-01-17 00:00:00,79.0,2019,2019-02,17
Law Enforcement-Device,2019-01-21 00:00:00,442.0,2019,2019-03,21
Law Enforcement-Suspicious Package,2019-01-29 00:00:00,23.0,2019,2019-04,29
Law Enforcement-Explosion,2019-02-08 00:00:00,20.0,2019,2019-05,39
Law Enforcement-Suspicious Package,2019-02-11 00:00:00,33.0,2019,2019-06,42
Law Enforcement-Other,2019-02-11 00:00:00,1650.0,2019,2019-06,42
Law Enforcement-Other,2019-02-11 02:55:00,127.0,2019,2019-06,42
Law Enforcement-Suspicious Package,2019-02-22 00:00:00,50.0,2019,2019-07,53
Law Enforcement-Other,2019-02-27 00:00:00,69.0,2019,2019-08,58
Law Enforcement-Other,2019-03-08 00:00:00,156.0,2019,2019-09,67
Law Enforcement-Haz Mat,2019-03-12 00:00:00,89.0,2019,2019-10,71
Law Enforcement-Suspicious Package,2019-03-15 00:00:00,77.0,2019,2019-10,74
Law Enforcement-Suspicious Package,2019-03-17 00:00:00,51.0,2019,2019-11,76
Law Enforcement-Device,2019-04-05 00:00:00,103.0,2019,2019-13,95
Law Enforcement-Device,2019-04-23 00:00:00,82.0,2019,2019-16,113
Law Enforcement-Suspicious Package,2019-04-25 00:00:00,58.0,2019,2019-16,115
Law Enforcement-Device,2019-04-26 00:00:00,50.0,2019,2019-16,116
Law Enforcement-Suspicious Package,2019-05-06 00:00:00,117.0,2019,2019-18,126
Law Enforcement-Other,2019-05-29 00:00:00,169.0,2019,2019-21,149
Law Enforcement-Suspicious Package,2019-06-05 00:00:00,326.0,2019,2019-22,156
Law Enforcement-Other,2019-06-20 00:00:00,28.0,2019,2019-24,171
Law Enforcement-Other,2019-06-20 00:00:00,27.0,2019,2019-24,171
Law Enforcement-Other,2019-06-20 00:00:00,4000.0,2019,2019-24,171
Law Enforcement-Other,2019-06-20 00:00:00,4000.0,2019,2019-24,171
Law Enforcement-Other,2019-06-20 12:35:39,127.0,2019,2019-24,171
Law Enforcement-Other,2019-06-20 12:35:39,127.0,2019,2019-24,171
Law Enforcement-Other,2019-06-20 12:35:39,127.0,2019,2019-24,171
Law Enforcement-Other,2019-06-20 14:29:24,127.0,2019,2019-24,171
Law Enforcement-Other,2019-06-20 14:29:24,127.0,2019,2019-24,171
Law Enforcement-Suspicious Package,2019-06-24 00:00:00,4000.0,2019,2019-25,175
Law Enforcement-Suspicious Package,2019-06-24 16:15:02,59.0,2019,2019-25,175
Law Enforcement-Suspicious Package,2019-06-24 16:15:02,59.0,2019,2019-25,175
Law Enforcement-Suspicious Package,2019-06-24 16:15:02,59.0,2019,2019-25,175
Law Enforcement-Haz Mat,2019-06-26 00:00:00,4000.0,2019,2019-25,177
Law Enforcement-Haz Mat,2019-06-26 00:00:00,4000.0,2019,2019-25,177
Law Enforcement-Haz Mat,2019-06-26 16:50:54,191.0,2019,2019-25,177
Law Enforcement-Haz Mat,2019-06-26 16:50:54,191.0,2019,2019-25,177
Law Enforcement-Suspicious Package,2019-06-28 00:00:00,17.0,2019,2019-25,179
Law Enforcement-Suspicious Package,2019-07-04 00:00:00,91.0,2019,2019-26,185
Law Enforcement-Device,2019-07-08 00:00:00,67.0,2019,2019-27,189
Law Enforcement-Haz Mat,2019-07-08 00:00:00,4000.0,2019,2019-27,189
Law Enforcement-Haz Mat,2019-07-08 10:00:08,191.0,2019,2019-27,189
Law Enforcement-Other,2019-07-11 00:00:00,4000.0,2019,2019-27,192
Law Enforcement-Other,2019-07-11 00:00:00,1424.0,2019,2019-27,192
Law Enforcement-Other,2019-07-11 13:45:12,127.0,2019,2019-27,192
Law Enforcement-Other,2019-07-11 13:45:12,127.0,2019,2019-27,192
Law Enforcement-Other,2019-07-15 00:00:00,4000.0,2019,2019-28,196
Law Enforcement-Other,2019-07-15 00:00:00,4000.0,2019,2019-28,196
Law Enforcement-Other,2019-07-15 10:42:49,127.0,2019,2019-28,196
Law Enforcement-Other,2019-07-15 14:09:22,127.0,2019,2019-28,196
Law Enforcement-Other,2019-07-15 14:09:22,127.0,2019,2019-28,196
Law Enforcement-Other,2019-07-15 14:09:22,127.0,2019,2019-28,196
Law Enforcement-Device,2019-07-22 00:00:00,295.0,2019,2019-29,203
Law Enforcement-Device,2019-07-22 03:33:33,53.0,2019,2019-29,203
Law Enforcement-Suspicious Package,2019-07-26 00:00:00,130.0,2019,2019-29,207
Law Enforcement-Suspicious Package,2019-07-29 00:00:00,65.0,2019,2019-30,210
Law Enforcement-Suspicious Package,2019-08-04 00:00:00,117.0,2019,2019-31,216
Law Enforcement-Suspicious Package,2019-08-16 00:00:00,224.0,2019,2019-32,228
Law Enforcement-Suspicious Package,2019-08-16 00:00:00,310.0,2019,2019-32,228
Law Enforcement-Suspicious Package,2019-08-16 07:29:39,59.0,2019,2019-32,228
Law Enforcement-Other,2019-08-21 00:00:00,36.0,2019,2019-33,233
Law Enforcement-Suspicious Package,2019-08-21 00:00:00,225.0,2019,2019-33,233
Law Enforcement-Device,2019-08-22 00:00:00,38.0,2019,2019-33,234
Law Enforcement-Device,2019-08-22 00:00:00,197.0,2019,2019-33,234
Law Enforcement-Device,2019-08-23 00:00:00,43.0,2019,2019-33,235
Law Enforcement-Suspicious Package,2019-08-26 00:00:00,57.0,2019,2019-34,238
Law Enforcement-Suspicious Package,2019-08-30 00:00:00,41.0,2019,2019-34,242
Law Enforcement-Suspicious Package,2019-09-05 00:00:00,40.0,2019,2019-35,248
Law Enforcement-Suspicious Package,2019-09-06 00:00:00,57.0,2019,2019-35,249
Law Enforcement-Other,2019-09-10 00:00:00,921.0,2019,2019-36,253
Law Enforcement-Suspicious Package,2019-09-13 00:00:00,126.0,2019,2019-36,256
Law Enforcement-Suspicious Package,2019-09-15 00:00:00,36.0,2019,2019-37,258
Law Enforcement-Other,2019-09-17 00:00:00,187.0,2019,2019-37,260
Law Enforcement-Suspicious Package,2019-10-09 00:00:00,20.0,2019,2019-40,282
Law Enforcement-Suspicious Package,2019-10-18 00:00:00,43.0,2019,2019-41,291
Law Enforcement-Suspicious Package,2019-10-22 00:00:00,70.0,2019,2019-42,295
Law Enforcement-Mobilization,2019-10-23 00:00:00,33.0,2019,2019-42,296
Law Enforcement-Suspicious Package,2019-10-27 00:00:00,119.0,2019,2019-43,300
Law Enforcement-Suspicious Package,2019-10-28 00:00:00,28.0,2019,2019-43,301
Law Enforcement-Suspicious Package,2019-11-06 00:00:00,55.0,2019,2019-44,310
Law Enforcement-Suspicious Package,2019-11-15 00:00:00,71.0,2019,2019-45,319
Law Enforcement-Suspicious Package,2019-11-16 00:00:00,75.0,2019,2019-45,320
Law Enforcement-Suspicious Package,2019-11-24 00:00:00,49.0,2019,2019-47,328
Law Enforcement-Other,2019-12-04 00:00:00,75.0,2019,2019-48,338
Law Enforcement-Other,2019-12-05 00:00:00,258.0,2019,2019-48,339
Law Enforcement-Suspicious Package,2019-12-09 00:00:00,4000.0,2019,2019-49,343
Law Enforcement-Suspicious Package,2019-12-09 14:21:45,59.0,2019,2019-49,343
Law Enforcement-Suspicious Package,2019-12-09 14:21:45,59.0,2019,2019-49,343
Law Enforcement-Suspicious Package,2019-12-09 14:21:45,59.0,2019,2019-49,343
Law Enforcement-Device,2019-12-15 00:00:00,293.0,2019,2019-50,349
