Incident Type,Creation Date,Response Time,Incident Number
Structural-Construction Accident,2011-05-04,71,1
Structural-Confined Space,2011-05-07,167,2
Structural-Scaffold,2011-05-07,204,3
Structural-Bricks,2011-05-10,1507,4
Structural-Construction Accident,2011-05-10,36,1
Structural-Collapse,2011-05-16,581,5
Structural-Life Safety Violations,2011-05-16,1025,6
Structural-Street Collapse,2011-05-19,214,7
Structural-Street Collapse,2011-05-21,182,7
Structural-Other,2011-05-22,22,8
Structural-Scaffold,2011-05-23,312,3
Structural-Collapse,2011-05-25,725,5
Structural-Sidewalk Shed,2011-05-27,342,9
Structural-Collapse,2011-05-28,238,5
Structural-Falling Debris,2011-05-29,1684,10
Structural-Life Safety Violations,2011-05-30,130,6
Structural-Stability Problem,2011-06-08,1910,11
Structural-Life Safety Violations,2011-06-09,2405,6
Structural-Scaffold,2011-06-09,88,3
Structural-Bricks,2011-06-09,32,4
Structural-Construction Accident,2011-06-10,129,1
Structural-Collapse,2011-06-17,132,5
Structural-Stability Problem,2011-06-19,70,11
Structural-Street Collapse,2011-06-25,178,7
Structural-Falling Debris,2011-07-05,138,10
Structural-Life Safety Violations,2011-07-06,1438,6
Structural-Life Safety Violations,2011-07-06,1080,6
Structural-Construction Accident,2011-07-20,189,1
Structural-Street Collapse,2011-07-20,117,7
Structural-Scaffold,2011-08-03,17,3
Structural-Other,2011-08-09,114,8
Structural-Partial Collapse,2011-08-14,1780,12
Structural-Scaffold,2011-08-14,98,3
Structural-Street Collapse,2011-08-14,3464,7
Structural-Street Collapse,2011-08-17,601,7
Structural-Street Collapse,2011-08-17,333,7
Structural-Stability Problem,2011-08-18,218,11
Structural-Stability Problem,2011-08-18,746,11
Structural-Bricks,2011-08-19,3028,4
Structural-Stability Problem,2011-08-25,190,11
Structural-Partial Collapse,2011-08-29,575,12
Structural-Partial Collapse,2011-08-29,407,12
Structural-Falling Debris,2011-09-07,2673,10
Structural-Street Collapse,2011-09-13,838,7
Structural-Bricks,2011-09-15,1672,4
Structural-Collapse,2011-09-20,1551,5
Structural-Construction Accident,2011-09-20,16,1
Structural-Collapse,2011-09-21,213,5
Structural-Street Collapse,2011-09-21,7,7
Structural-Street Collapse,2011-09-23,435,7
Structural-Stability Problem,2011-09-23,85,11
Structural-Partial Collapse,2011-09-24,172,12
Structural-Partial Collapse,2011-09-30,159,12
Structural-Scaffold,2011-10-05,182,3
Structural-Construction Accident,2011-10-08,49,1
Structural-Falling Debris,2011-10-19,119,10
Structural-Street Collapse,2011-10-22,302,7
Structural-Scaffold,2011-10-29,125,3
Structural-Scaffold,2011-11-02,90,3
Structural-Collapse,2011-11-02,2951,5
Structural-Collapse,2011-11-06,125,5
Structural-Bricks,2011-11-11,118,4
Structural-Life Safety Violations,2011-11-22,56,6
Structural-Life Safety Violations,2011-11-25,130,6
Structural-Construction Accident,2011-11-29,47,1
Structural-Stability Problem,2011-12-03,124,11
Structural-Street Collapse,2011-12-07,78,7
Structural-Partial Collapse,2011-12-07,61,12
Structural-Collapse,2011-12-08,138,5
Structural-Scaffold,2011-12-16,1000,3
Structural-Construction Accident,2011-12-18,147,1
Structural-Collapse,2011-12-19,73,5
Structural-Construction Accident,2011-12-22,82,1
Structural-Stability Problem,2011-12-24,51,11
Structural-Scaffold,2011-12-30,646,3
Structural-Scaffold,2012-01-02,37,3
Structural-Falling Debris,2012-01-11,140,10
Structural-Falling Debris,2012-01-13,82,10
Structural-Scaffold,2012-01-21,102,3
Structural-Construction Accident,2012-01-25,281,1
Structural-Collapse,2012-01-25,35,5
Structural-Partial Collapse,2012-01-27,3246,12
Structural-Falling Debris,2012-01-31,139,10
Structural-Scaffold,2012-02-05,34,3
Structural-Sidewalk Shed,2012-02-09,581,9
Structural-Collapse,2012-02-10,118,5
Structural-Collapse,2012-02-18,86,5
Structural-Confined Space,2012-03-02,44,2
Structural-Falling Debris,2012-03-02,203,10
Structural-Stability Problem,2012-03-05,184,11
Structural-Bricks,2012-03-14,120,4
Structural-Collapse,2012-03-17,2159,5
Structural-Falling Debris,2012-03-20,50,10
Structural-Partial Collapse,2012-03-22,542,12
Structural-Construction Accident,2012-03-24,116,1
Structural-Scaffold,2012-03-25,118,3
Structural-Construction Accident,2012-03-30,84,1
Structural-Collapse,2012-04-03,3562,5
Structural-Collapse,2012-04-03,107,5
Structural-Collapse,2012-04-03,2460,5
Structural-Collapse,2012-04-13,80,5
Structural-Falling Debris,2012-04-18,163,10
Structural-Scaffold,2012-04-19,103,3
Structural-Scaffold,2012-04-26,89,3
Structural-Scaffold,2012-05-05,352,3
Structural-Construction Accident,2012-05-21,94,1
Structural-Construction Accident,2012-05-21,34,1
Structural-Scaffold,2012-05-24,127,3
Structural-Construction Accident,2012-05-24,529,1
Structural-Scaffold,2012-05-31,40,3
Structural-Collapse,2012-06-07,592,5
Structural-Collapse,2012-06-07,848,5
Structural-Construction Accident,2012-06-14,23,1
Structural-Partial Collapse,2012-06-19,291,12
Structural-Falling Debris,2012-06-22,56,10
Structural-Construction Accident,2012-06-26,106,1
Structural-Falling Debris,2012-06-27,567,10
Structural-Street Collapse,2012-06-28,47,7
Structural-Collapse,2012-06-29,156,5
Structural-Street Collapse,2012-07-01,1674,7
Structural-Scaffold,2012-07-02,230,3
Structural-Collapse,2012-07-05,1462,5
Structural-Street Collapse,2012-07-07,1193,7
Structural-Scaffold,2012-07-11,500,3
Structural-Stability Problem,2012-07-12,933,11
Structural-Construction Accident,2012-07-13,93,1
Structural-Partial Collapse,2012-07-16,1073,12
Structural-Street Collapse,2012-07-18,466,7
Structural-Construction Accident,2012-07-21,79,1
Structural-Collapse,2012-07-25,2361,5
Structural-Falling Debris,2012-07-31,317,10
Structural-Falling Debris,2012-08-05,2405,10
Structural-Construction Accident,2012-08-07,101,1
Structural-Partial Collapse,2012-08-08,399,12
Structural-Stability Problem,2012-08-12,50,11
Structural-Life Safety Violations,2012-08-18,1561,6
Structural-Sidewalk Shed,2012-08-20,424,9
Structural-Scaffold,2012-08-25,88,3
Structural-Falling Debris,2012-08-25,74,10
Structural-Collapse,2012-09-10,1457,5
Structural-Construction Accident,2012-09-18,39,1
Structural-Life Safety Violations,2012-09-24,193,6
Structural-Collapse,2012-10-03,1285,5
Structural-Life Safety Violations,2012-10-09,263,6
Structural-Stability Problem,2012-10-12,291,11
Structural-Partial Collapse,2012-10-16,532,12
Structural-Collapse,2012-10-19,16,5
Structural-Scaffold,2012-10-22,152,3
Structural-Confined Space,2012-10-25,70,2
Structural-Crane,2012-10-29,113,13
Structural-Collapse,2012-10-30,3804,5
Structural-Collapse,2012-10-30,3975,5
Structural-Partial Collapse,2012-10-30,1015,12
Structural-Construction Accident,2012-11-01,40,1
Structural-Life Safety Violations,2012-11-03,296,6
Structural-Life Safety Violations,2012-11-16,9,6
Structural-Scaffold,2012-11-25,108,3
Structural-Crane,2012-11-26,788,13
Structural-Scaffold,2012-12-02,48,3
Structural-Stability Problem,2012-12-04,102,11
Structural-Scaffold,2012-12-05,153,3
Structural-Stability Problem,2012-12-12,136,11
Structural-Sidewalk Shed,2012-12-12,154,9
Structural-Sidewalk Shed,2012-12-13,41,9
Structural-Partial Collapse,2012-12-18,122,12
Structural-Scaffold,2012-12-21,420,3
Structural-Scaffold,2012-12-21,455,3
Structural-Scaffold,2012-12-26,113,3
Structural-Sidewalk Shed,2012-12-31,86,9
Structural-Sidewalk Shed,2013-01-07,289,9
Structural-Collapse,2013-01-08,133,5
Structural-Scaffold,2013-01-09,41,3
Structural-Crane,2013-01-09,2748,13
Structural-Construction Accident,2013-01-17,108,1
Structural-Sidewalk Shed,2013-01-24,91,9
Structural-Life Safety Violations,2013-01-29,117,6
Structural-Sidewalk Shed,2013-01-31,192,9
Structural-Sidewalk Shed,2013-01-31,42,9
Structural-Life Safety Violations,2013-02-14,851,6
Structural-Scaffold,2013-02-17,399,3
Structural-Life Safety Violations,2013-02-19,145,6
Structural-Construction Accident,2013-02-20,49,1
Structural-Stability Problem,2013-02-21,951,11
Structural-Falling Debris,2013-02-23,254,10
Structural-Construction Accident,2013-02-23,38,1
Structural-Collapse,2013-02-23,83,5
Structural-Life Safety Violations,2013-02-28,123,6
Structural-Life Safety Violations,2013-03-07,911,6
Structural-Life Safety Violations,2013-03-14,96,6
Structural-Stability Problem,2013-03-16,65,11
Structural-Falling Debris,2013-03-19,845,10
Structural-Partial Collapse,2013-03-22,88,12
Structural-Scaffold,2013-03-30,1037,3
Structural-Stability Problem,2013-04-02,112,11
Structural-Construction Accident,2013-04-05,136,1
Structural-Construction Accident,2013-04-15,183,1
Structural-Stability Problem,2013-04-16,516,11
Structural-Scaffold,2013-04-16,179,3
Structural-Partial Collapse,2013-04-22,1366,12
Structural-Confined Space,2013-04-25,39,2
Structural-Stability Problem,2013-04-29,149,11
Structural-Construction Accident,2013-05-06,99,1
Structural-Construction Accident,2013-05-09,35,1
Structural-Collapse,2013-05-09,187,5
Structural-Collapse,2013-05-19,124,5
Structural-Confined Space,2013-05-21,148,2
Structural-Scaffold,2013-05-21,152,3
Structural-Scaffold,2013-05-23,1123,3
Structural-Stability Problem,2013-05-26,1367,11
Structural-Crane,2013-05-29,21,13
Structural-Bricks,2013-06-03,129,4
Structural-Street Collapse,2013-06-03,2485,7
Structural-Stability Problem,2013-06-07,211,11
Structural-Collapse,2013-06-11,749,5
Structural-Street Collapse,2013-06-14,203,7
Structural-Stability Problem,2013-06-20,168,11
Structural-Scaffold,2013-06-23,261,3
Structural-Collapse,2013-06-24,2491,5
Structural-Street Collapse,2013-06-25,152,7
Structural-Partial Collapse,2013-06-26,84,12
Structural-Sidewalk Shed,2013-07-04,120,9
Structural-Partial Collapse,2013-07-05,780,12
Structural-Bricks,2013-07-09,76,4
Structural-Construction Accident,2013-07-30,103,1
Structural-Stability Problem,2013-08-19,202,11
Structural-Sidewalk Shed,2013-08-23,267,9
Structural-Life Safety Violations,2013-08-23,187,6
Structural-Sidewalk Shed,2013-08-26,139,9
Structural-Street Collapse,2013-08-27,2940,7
Structural-Scaffold,2013-09-05,109,3
Structural-Life Safety Violations,2013-09-07,448,6
Structural-Street Collapse,2013-09-09,111,7
Structural-Stability Problem,2013-09-19,327,11
Structural-Collapse,2013-09-29,587,5
Structural-Construction Accident,2013-10-02,28,1
Structural-Life Safety Violations,2013-10-04,525,6
Structural-Falling Debris,2013-10-15,249,10
Structural-Scaffold,2013-10-31,146,3
Structural-Scaffold,2013-11-05,82,3
Structural-Construction Accident,2013-11-09,125,1
Structural-Construction Accident,2013-11-13,30,1
Structural-Construction Accident,2013-11-14,216,1
Structural-Scaffold,2013-11-15,117,3
Structural-Sidewalk Shed,2013-11-22,69,9
Structural-Crane,2013-11-24,136,13
Structural-Partial Collapse,2013-11-27,193,12
Structural-Collapse,2013-11-27,784,5
Structural-Scaffold,2013-12-04,57,3
Structural-Scaffold,2013-12-27,26,3
Structural-Scaffold,2014-01-01,47,3
Structural-Sidewalk Shed,2014-01-02,741,9
Structural-Scaffold,2014-01-07,588,3
Structural-Scaffold,2014-01-09,262,3
Structural-Stability Problem,2014-01-17,252,11
Structural-Stability Problem,2014-01-20,122,11
Structural-Life Safety Violations,2014-01-25,243,6
Structural-Stability Problem,2014-02-01,108,11
Structural-Scaffold,2014-02-01,43,3
Structural-Partial Collapse,2014-02-05,1585,12
Structural-Stability Problem,2014-02-12,584,11
Structural-Collapse,2014-02-13,459,5
Structural-Partial Collapse,2014-02-14,353,12
Structural-Collapse,2014-02-15,176,5
Structural-Partial Collapse,2014-02-15,2271,12
Structural-Stability Problem,2014-02-16,2428,11
Structural-Partial Collapse,2014-02-26,219,12
Structural-Collapse,2014-02-26,103,5
Structural-Falling Debris,2014-03-19,69,10
Structural-Stability Problem,2014-03-30,1604,11
Structural-Construction Accident,2014-04-02,248,1
Structural-Stability Problem,2014-04-04,131,11
Structural-Sidewalk Shed,2014-04-06,1390,9
Structural-Collapse,2014-04-07,177,5
Structural-Street Collapse,2014-04-11,3253,7
Structural-Construction Accident,2014-04-14,134,1
Structural-Bricks,2014-04-15,2451,4
Structural-Construction Accident,2014-04-16,202,1
Structural-Other,2014-05-15,207,8
Structural-Construction Accident,2014-05-15,178,1
Structural-Street Collapse,2014-05-19,1031,7
Structural-Scaffold,2014-05-21,57,3
Structural-Collapse,2014-05-24,171,5
Structural-Street Collapse,2014-05-27,548,7
Structural-Street Collapse,2014-05-28,1024,7
Structural-Scaffold,2014-05-29,136,3
Structural-Partial Collapse,2014-06-01,113,12
Structural-Stability Problem,2014-06-04,1530,11
Structural-Confined Space,2014-06-05,251,2
Structural-Construction Accident,2014-06-11,60,1
Structural-Partial Collapse,2014-06-17,341,12
Structural-Street Collapse,2014-06-18,153,7
Structural-Partial Collapse,2014-06-19,174,12
Structural-Other,2014-06-20,826,8
Structural-Bricks,2014-06-21,91,4
Structural-Scaffold,2014-07-02,155,3
Structural-Collapse,2014-07-02,874,5
Structural-Construction Accident,2014-07-03,82,1
Structural-Scaffold,2014-07-04,92,3
Structural-Falling Debris,2014-07-08,289,10
Structural-Scaffold,2014-07-08,193,3
Structural-Stability Problem,2014-07-10,91,11
Structural-Scaffold,2014-07-15,156,3
Structural-Collapse,2014-07-15,1206,5
Structural-Scaffold,2014-07-17,370,3
Structural-Partial Collapse,2014-07-19,414,12
Structural-Collapse,2014-07-22,162,5
Structural-Construction Accident,2014-07-30,71,1
Structural-Falling Debris,2014-07-31,374,10
Structural-Confined Space,2014-08-05,539,2
Structural-Collapse,2014-08-14,159,5
Structural-Construction Accident,2014-08-15,266,1
Structural-Life Safety Violations,2014-08-21,320,6
Structural-Street Collapse,2014-08-21,326,7
Structural-Sidewalk Shed,2014-08-25,189,9
Structural-Stability Problem,2014-08-25,81,11
Structural-Partial Collapse,2014-09-12,124,12
Structural-Life Safety Violations,2014-09-15,259,6
Structural-Collapse,2014-09-19,254,5
Structural-Falling Debris,2014-09-23,217,10
Structural-Falling Debris,2014-10-01,192,10
Structural-Other,2014-10-06,444,8
Structural-Construction Accident,2014-10-07,154,1
Structural-Scaffold,2014-10-08,484,3
Structural-Stability Problem,2014-10-22,1768,11
Structural-Collapse,2014-10-24,286,5
Structural-Other,2014-10-25,202,8
Structural-Partial Collapse,2014-10-27,3298,12
Structural-Collapse,2014-10-27,214,5
Structural-Construction Accident,2014-10-30,50,1
Structural-Bricks,2014-11-02,225,4
Structural-Stability Problem,2014-11-03,260,11
Structural-Falling Debris,2014-11-04,118,10
Structural-Scaffold,2014-11-07,211,3
Structural-Scaffold,2014-11-11,483,3
Structural-Falling Debris,2014-11-12,82,10
Structural-Collapse,2014-11-15,247,5
Structural-Other,2014-11-21,109,8
Structural-Scaffold,2014-11-24,168,3
Structural-Falling Debris,2014-11-24,346,10
Structural-Sidewalk Shed,2014-11-24,142,9
Structural-Collapse,2014-11-28,754,5
Structural-Confined Space,2014-12-09,19,2
Structural-Stability Problem,2014-12-09,1204,11
Structural-Street Collapse,2014-12-09,170,7
Structural-Life Safety Violations,2014-12-10,348,6
Structural-Stability Problem,2014-12-13,171,11
Structural-Falling Debris,2014-12-18,310,10
Structural-Scaffold,2014-12-21,675,3
Structural-Other,2015-01-02,60,8
Structural-Collapse,2015-01-05,122,5
Structural-Crane,2015-01-10,185,13
Structural-Partial Collapse,2015-01-13,247,12
Structural-Confined Space,2015-01-21,120,2
Structural-Stability Problem,2015-01-30,1358,11
Structural-Falling Debris,2015-02-03,151,10
Structural-Collapse,2015-02-04,132,5
Structural-Street Collapse,2015-02-14,47,7
Structural-Life Safety Violations,2015-02-18,188,6
Structural-Construction Accident,2015-02-24,167,1
Structural-Life Safety Violations,2015-02-26,345,6
Structural-Scaffold,2015-02-26,434,3
Structural-Life Safety Violations,2015-02-28,106,6
Structural-Scaffold,2015-03-03,456,3
Structural-Street Collapse,2015-03-03,634,7
Structural-Bricks,2015-03-08,94,4
Structural-Partial Collapse,2015-03-10,38,12
Structural-Scaffold,2015-03-12,173,3
Structural-Other,2015-03-15,39,8
Structural-Scaffold,2015-03-17,868,3
Structural-Other,2015-03-29,1079,8
Structural-Construction Accident,2015-04-01,112,1
Structural-Partial Collapse,2015-04-03,531,12
Structural-Partial Collapse,2015-04-07,158,12
Structural-Bricks,2015-04-20,2896,4
Structural-Construction Accident,2015-04-21,89,1
Structural-Other,2015-04-21,1438,8
Structural-Scaffold,2015-04-22,386,3
Structural-Collapse,2015-04-28,142,5
Structural-Life Safety Violations,2015-05-01,234,6
Structural-Construction Accident,2015-05-05,225,1
Structural-Falling Debris,2015-05-05,68,10
Structural-Street Collapse,2015-05-11,1892,7
Structural-Other,2015-05-13,186,8
Structural-Stability Problem,2015-05-16,152,11
Structural-Bricks,2015-05-17,1862,4
Structural-Construction Accident,2015-05-19,815,1
Structural-Stability Problem,2015-05-21,194,11
Structural-Construction Accident,2015-05-22,48,1
Structural-Partial Collapse,2015-05-26,213,12
Structural-Street Collapse,2015-05-31,636,7
Structural-Street Collapse,2015-06-01,1705,7
Structural-Stability Problem,2015-06-04,141,11
Structural-Stability Problem,2015-06-05,3641,11
Structural-Other,2015-06-09,906,8
Structural-Confined Space,2015-06-12,0,2
Structural-Scaffold,2015-06-12,103,3
Structural-Street Collapse,2015-06-15,386,7
Structural-Construction Accident,2015-06-18,120,1
Structural-Scaffold,2015-06-18,70,3
Structural-Bricks,2015-06-21,725,4
Structural-Collapse,2015-06-22,169,5
Structural-Street Collapse,2015-06-24,71,7
Structural-Other,2015-06-25,143,8
Structural-Other,2015-06-26,446,8
Structural-Bricks,2015-06-27,2004,4
Structural-Partial Collapse,2015-07-03,67,12
Structural-Partial Collapse,2015-07-08,73,12
Structural-Falling Debris,2015-07-14,54,10
Structural-Construction Accident,2015-07-14,89,1
Structural-Stability Problem,2015-07-16,1186,11
Structural-Other,2015-07-19,53,8
Structural-Bricks,2015-07-19,19,4
Structural-Scaffold,2015-07-23,2255,3
Structural-Crane,2015-07-25,1296,13
Structural-Construction Accident,2015-07-31,71,1
Structural-Collapse,2015-08-04,195,5
Structural-Partial Collapse,2015-08-04,3162,12
Structural-Street Collapse,2015-08-04,386,7
Structural-Confined Space,2015-08-12,207,2
Structural-Street Collapse,2015-08-13,1072,7
Structural-Scaffold,2015-08-17,87,3
Structural-Sidewalk Shed,2015-08-25,86,9
Structural-Other,2015-08-26,178,8
Structural-Construction Accident,2015-09-01,239,1
Structural-Collapse,2015-09-03,1858,5
Structural-Street Collapse,2015-09-06,138,7
Structural-Other,2015-09-10,166,8
Structural-Construction Accident,2015-09-18,60,1
Structural-Crane,2015-09-23,39,13
Structural-Other,2015-10-11,7,8
Structural-Scaffold,2015-10-12,655,3
Structural-Confined Space,2015-10-15,54,2
Structural-Scaffold,2015-10-15,200,3
Structural-Scaffold,2015-10-18,100,3
Structural-Street Collapse,2015-10-26,1600,7
Structural-Construction Accident,2015-10-27,20,1
Structural-Street Collapse,2015-10-28,296,7
Structural-Stability Problem,2015-10-29,2539,11
Structural-Other,2015-10-31,82,8
Structural-Confined Space,2015-11-01,56,2
Structural-Other,2015-11-02,52,8
Structural-Other,2015-11-04,118,8
Structural-Partial Collapse,2015-11-17,173,12
Structural-Partial Collapse,2015-11-19,47,12
Structural-Construction Accident,2015-11-25,36,1
Structural-Construction Accident,2015-11-30,132,1
Structural-Stability Problem,2015-12-01,122,11
Structural-Life Safety Violations,2015-12-03,38,6
Structural-Stability Problem,2015-12-03,47,11
Structural-Construction Accident,2015-12-09,51,1
Structural-Stability Problem,2015-12-12,429,11
Structural-Scaffold,2015-12-15,479,3
Structural-Collapse,2015-12-15,80,5
Structural-Construction Accident,2015-12-22,79,1
Structural-Confined Space,2015-12-24,48,2
Structural-Scaffold,2016-01-04,965,3
Structural-Falling Debris,2016-01-10,2383,10
Structural-Crane,2016-01-12,66,13
Structural-Confined Space,2016-01-13,18,2
Structural-Crane,2016-01-14,70,13
Structural-Scaffold,2016-01-22,552,3
Structural-Collapse,2016-01-23,44,5
Structural-Other,2016-01-26,321,8
Structural-Scaffold,2016-01-30,140,3
Structural-Stability Problem,2016-01-31,155,11
Structural-Street Collapse,2016-02-01,718,7
Structural-Street Collapse,2016-02-03,1536,7
Structural-Construction Accident,2016-02-04,138,1
Structural-Construction Accident,2016-02-08,114,1
Structural-Other,2016-02-08,135,8
Structural-Stability Problem,2016-02-10,128,11
Structural-Construction Accident,2016-02-18,71,1
Structural-Falling Debris,2016-02-18,86,10
Structural-Crane,2016-02-22,721,13
Structural-Partial Collapse,2016-02-24,1375,12
Structural-Bricks,2016-02-25,891,4
Structural-Bricks,2016-02-25,1365,4
Structural-Falling Debris,2016-02-26,164,10
Structural-Crane,2016-02-28,1093,13
Structural-Street Collapse,2016-02-29,1023,7
Structural-Street Collapse,2016-03-01,39,7
Structural-Street Collapse,2016-03-07,1295,7
Structural-Other,2016-03-07,127,8
Structural-Partial Collapse,2016-03-09,2730,12
Structural-Collapse,2016-03-10,85,5
Structural-Other,2016-03-12,378,8
Structural-Street Collapse,2016-03-12,3873,7
Structural-Scaffold,2016-03-17,81,3
Structural-Stability Problem,2016-03-21,117,11
Structural-Other,2016-03-26,160,8
Structural-Other,2016-03-26,557,8
Structural-Scaffold,2016-03-29,195,3
Structural-Sidewalk Shed,2016-03-29,193,9
Structural-Other,2016-03-29,68,8
Structural-Crane,2016-04-01,201,13
Structural-Scaffold,2016-04-03,44,3
Structural-Partial Collapse,2016-04-03,1545,12
Structural-Falling Debris,2016-04-03,505,10
Structural-Crane,2016-04-03,23,13
Structural-Other,2016-04-05,1786,8
Structural-Stability Problem,2016-04-05,3956,11
Structural-Scaffold,2016-04-08,133,3
Structural-Stability Problem,2016-04-11,154,11
Structural-Other,2016-04-12,125,8
Structural-Falling Debris,2016-04-18,950,10
Structural-Other,2016-04-22,643,8
Structural-Construction Accident,2016-04-22,222,1
Structural-Crane,2016-04-25,71,13
Structural-Collapse,2016-04-26,523,5
Structural-Stability Problem,2016-05-05,405,11
Structural-Other,2016-05-08,113,8
Structural-Stability Problem,2016-05-11,2711,11
Structural-Stability Problem,2016-05-14,111,11
Structural-Scaffold,2016-05-14,353,3
Structural-Scaffold,2016-05-16,899,3
Structural-Scaffold,2016-05-19,362,3
Structural-Other,2016-05-19,3120,8
Structural-Scaffold,2016-05-20,220,3
Structural-Scaffold,2016-05-23,1436,3
Structural-Scaffold,2016-05-25,60,3
Structural-Sidewalk Shed,2016-05-26,462,9
Structural-Other,2016-05-30,1099,8
Structural-Other,2016-05-30,1452,8
Structural-Stability Problem,2016-05-31,405,11
Structural-Other,2016-06-02,97,8
Structural-Stability Problem,2016-06-04,38,11
Structural-Collapse,2016-06-05,91,5
Structural-Sidewalk Shed,2016-06-05,396,9
Structural-Falling Debris,2016-06-05,168,10
Structural-Falling Debris,2016-06-06,56,10
Structural-Scaffold,2016-06-07,56,3
Structural-Other,2016-06-07,434,8
Structural-Collapse,2016-06-09,423,5
Structural-Street Collapse,2016-06-11,150,7
Structural-Scaffold,2016-06-11,32,3
Structural-Crane,2016-06-13,104,13
Structural-Scaffold,2016-06-14,298,3
Structural-Other,2016-06-14,57,8
Structural-Scaffold,2016-06-14,25,3
Structural-Construction Accident,2016-06-15,125,1
Structural-Construction Accident,2016-06-21,9,1
Structural-Collapse,2016-06-22,1209,5
Structural-Bricks,2016-06-24,197,4
Structural-Partial Collapse,2016-06-28,193,12
Structural-Collapse,2016-07-01,14,5
Structural-Partial Collapse,2016-07-01,3,12
Structural-Scaffold,2016-07-04,179,3
Structural-Bricks,2016-07-06,168,4
Structural-Crane,2016-07-07,157,13
Structural-Partial Collapse,2016-07-18,288,12
Structural-Scaffold,2016-07-18,101,3
Structural-Stability Problem,2016-07-28,126,11
Structural-Other,2016-07-28,964,8
Structural-Life Safety Violations,2016-07-30,2421,6
Structural-Life Safety Violations,2016-08-04,200,6
Structural-Construction Accident,2016-08-09,69,1
Structural-Stability Problem,2016-08-10,243,11
Structural-Other,2016-08-11,554,8
Structural-Crane,2016-08-11,117,13
Structural-Collapse,2016-08-13,701,5
Structural-Scaffold,2016-08-16,221,3
Structural-Construction Accident,2016-08-17,200,1
Structural-Stability Problem,2016-08-29,150,11
Structural-Stability Problem,2016-08-29,901,11
Structural-Construction Accident,2016-09-01,2235,1
Structural-Other,2016-09-02,399,8
Structural-Scaffold,2016-09-03,261,3
Structural-Construction Accident,2016-09-08,440,1
Structural-Partial Collapse,2016-09-09,138,12
Structural-Construction Accident,2016-09-13,28,1
Structural-Construction Accident,2016-09-15,88,1
Structural-Crane,2016-09-16,3434,13
Structural-Collapse,2016-09-22,104,5
Structural-Construction Accident,2016-09-24,920,1
Structural-Other,2016-09-25,582,8
Structural-Partial Collapse,2016-09-27,517,12
Structural-Life Safety Violations,2016-10-03,1637,6
Structural-Life Safety Violations,2016-10-03,2990,6
Structural-Collapse,2016-10-12,2,5
Structural-Scaffold,2016-10-18,622,3
Structural-Scaffold,2016-10-20,73,3
Structural-Other,2016-10-23,159,8
Structural-Collapse,2016-10-24,143,5
Structural-Confined Space,2016-10-26,116,2
Structural-Construction Accident,2016-11-10,27,1
Structural-Bricks,2016-11-13,380,4
Structural-Construction Accident,2016-11-14,35,1
Structural-Collapse,2016-11-15,22,5
Structural-Falling Debris,2016-11-20,44,10
Structural-Collapse,2016-11-28,2958,5
Structural-Sidewalk Shed,2016-11-29,88,9
Structural-Construction Accident,2016-12-01,586,1
Structural-Other,2016-12-01,209,8
Structural-Crane,2016-12-03,213,13
Structural-Partial Collapse,2016-12-07,108,12
Structural-Construction Accident,2016-12-08,33,1
Structural-Crane,2016-12-08,2326,13
Structural-Crane,2016-12-09,3791,13
Structural-Collapse,2016-12-09,502,5
Structural-Life Safety Violations,2016-12-16,202,6
Structural-Bricks,2016-12-18,453,4
Structural-Life Safety Violations,2016-12-19,318,6
Structural-Falling Debris,2016-12-22,59,10
Structural-Construction Accident,2016-12-23,844,1
Structural-Street Collapse,2017-01-03,835,7
Structural-Confined Space,2017-01-10,50,2
Structural-Other,2017-01-12,563,8
Structural-Street Collapse,2017-01-19,114,7
Structural-Other,2017-02-01,169,8
Structural-Falling Debris,2017-02-10,14,10
Structural-Other,2017-02-13,279,8
Structural-Falling Debris,2017-02-13,780,10
Structural-Collapse,2017-02-13,117,5
Structural-Other,2017-02-17,56,8
Structural-Other,2017-02-22,64,8
Structural-Other,2017-03-06,44,8
Structural-Falling Debris,2017-03-17,373,10
Structural-Street Collapse,2017-03-19,793,7
Structural-Stability Problem,2017-03-22,474,11
Structural-Construction Accident,2017-03-22,296,1
Structural-Stability Problem,2017-03-23,161,11
Structural-Falling Debris,2017-03-29,103,10
Structural-Street Collapse,2017-03-30,1014,7
Structural-Life Safety Violations,2017-04-04,61,6
Structural-Crane,2017-04-21,1250,13
Structural-Falling Debris,2017-04-25,40,10
Structural-Partial Collapse,2017-05-05,283,12
Structural-Other,2017-05-06,130,8
Structural-Construction Accident,2017-05-11,144,1
Structural-Other,2017-05-16,1292,8
Structural-Confined Space,2017-05-17,45,2
Structural-Falling Debris,2017-05-18,1345,10
Structural-Other,2017-05-19,109,8
Structural-Stability Problem,2017-05-19,105,11
Structural-Construction Accident,2017-05-30,332,1
Structural-Confined Space,2017-06-06,451,2
Structural-Street Collapse,2017-06-10,1463,7
Structural-Scaffold,2017-06-16,242,3
Structural-Construction Accident,2017-06-20,2439,1
Structural-Partial Collapse,2017-06-22,319,12
Structural-Other,2017-06-22,59,8
Structural-Collapse,2017-06-26,103,5
Structural-Partial Collapse,2017-06-26,82,12
Structural-Stability Problem,2017-06-30,684,11
Structural-Falling Debris,2017-07-03,901,10
Structural-Street Collapse,2017-07-11,528,7
Structural-Street Collapse,2017-07-11,585,7
Structural-Crane,2017-07-12,233,13
Structural-Stability Problem,2017-07-18,525,11
Structural-Other,2017-07-25,197,8
Structural-Construction Accident,2017-07-25,35,1
Structural-Stability Problem,2017-07-31,306,11
Structural-Street Collapse,2017-08-05,204,7
Structural-Collapse,2017-08-07,1832,5
Structural-Other,2017-08-12,809,8
Structural-Life Safety Violations,2017-08-14,182,6
Structural-Other,2017-08-15,1366,8
Structural-Other,2017-08-15,473,8
Structural-Construction Accident,2017-08-18,18,1
Structural-Stability Problem,2017-08-18,290,11
Structural-Stability Problem,2017-08-23,1355,11
Structural-Collapse,2017-08-31,98,5
Structural-Life Safety Violations,2017-09-01,87,6
Structural-Other,2017-09-03,156,8
Structural-Scaffold,2017-09-07,109,3
Structural-Construction Accident,2017-09-19,18,1
Structural-Construction Accident,2017-09-21,213,1
Structural-Construction Accident,2017-09-21,89,1
Structural-Collapse,2017-09-24,2622,5
Structural-Partial Collapse,2017-09-28,910,12
Structural-Other,2017-09-28,741,8
Structural-Other,2017-09-29,29,8
Structural-Construction Accident,2017-09-29,35,1
Structural-Collapse,2017-09-29,2078,5
Structural-Construction Accident,2017-09-29,26,1
Structural-Bricks,2017-10-04,1599,4
Structural-Bricks,2017-10-04,259,4
Structural-Partial Collapse,2017-10-06,367,12
Structural-Falling Debris,2017-10-27,105,10
Structural-Partial Collapse,2017-10-28,163,12
Structural-Other,2017-11-02,65,8
Structural-Collapse,2017-11-06,606,5
Structural-Scaffold,2017-11-10,171,3
Structural-Scaffold,2017-11-19,426,3
Structural-Falling Debris,2017-11-19,487,10
Structural-Stability Problem,2017-11-26,78,11
Structural-Construction Accident,2017-12-01,127,1
Structural-Other,2017-12-09,147,8
Structural-Construction Accident,2017-12-12,36,1
Structural-Scaffold,2017-12-15,24,3
Structural-Scaffold,2017-12-25,314,3
Structural-Falling Debris,2017-12-25,92,10
Structural-Sidewalk Shed,2017-12-29,68,9
Structural-Other,2018-01-04,162,8
Structural-Scaffold,2018-01-04,247,3
Structural-Street Collapse,2018-01-11,441,7
Structural-Stability Problem,2018-01-24,365,11
Structural-Partial Collapse,2018-02-05,771,12
Structural-Collapse,2018-02-15,152,5
Structural-Falling Debris,2018-02-16,1365,10
Structural-Partial Collapse,2018-02-18,325,12
Structural-Confined Space,2018-02-27,1368,2
Structural-Collapse,2018-03-02,189,5
Structural-Scaffold,2018-03-02,344,3
Structural-Collapse,2018-03-02,430,5
Structural-Other,2018-03-03,734,8
Structural-Falling Debris,2018-03-06,167,10
Structural-Confined Space,2018-03-07,24,2
Structural-Scaffold,2018-03-07,624,3
Structural-Stability Problem,2018-03-07,638,11
Structural-Sidewalk Shed,2018-03-07,103,9
Structural-Sidewalk Shed,2018-03-07,80,9
Structural-Other,2018-03-09,145,8
Structural-Other,2018-03-09,929,8
Structural-Construction Accident,2018-03-23,24,1
Structural-Street Collapse,2018-03-23,302,7
Structural-Collapse,2018-03-26,444,5
Structural-Collapse,2018-03-27,1782,5
Structural-Sidewalk Shed,2018-03-28,68,9
Structural-Stability Problem,2018-04-03,118,11
Structural-Life Safety Violations,2018-04-05,170,6
Structural-Falling Debris,2018-04-13,56,10
Structural-Sidewalk Shed,2018-04-14,967,9
Structural-Other,2018-04-16,980,8
Structural-Other,2018-04-18,192,8
Structural-Street Collapse,2018-04-21,221,7
Structural-Life Safety Violations,2018-04-24,240,6
Structural-Falling Debris,2018-04-25,109,10
Structural-Falling Debris,2018-05-01,139,10
Structural-Street Collapse,2018-05-08,103,7
Structural-Scaffold,2018-05-11,150,3
Structural-Life Safety Violations,2018-05-11,2065,6
Structural-Life Safety Violations,2018-05-11,210,6
Structural-Collapse,2018-05-17,246,5
Structural-Collapse,2018-05-17,2754,5
Structural-Life Safety Violations,2018-05-21,239,6
Structural-Other,2018-05-24,126,8
Structural-Partial Collapse,2018-05-24,1629,12
Structural-Partial Collapse,2018-05-24,277,12
Structural-Sidewalk Shed,2018-05-25,211,9
Structural-Stability Problem,2018-05-25,149,11
Structural-Construction Accident,2018-05-26,6,1
Structural-Falling Debris,2018-05-27,2606,10
Structural-Other,2018-05-31,705,8
Structural-Partial Collapse,2018-06-01,314,12
Structural-Street Collapse,2018-06-03,374,7
Structural-Life Safety Violations,2018-06-06,220,6
Structural-Other,2018-06-08,167,8
Structural-Street Collapse,2018-06-16,435,7
Structural-Collapse,2018-06-20,28,5
Structural-Stability Problem,2018-07-02,218,11
Structural-Street Collapse,2018-07-02,60,7
Structural-Other,2018-07-10,1053,8
Structural-Construction Accident,2018-07-11,2424,1
Structural-Construction Accident,2018-07-12,141,1
Structural-Confined Space,2018-07-13,13,2
Structural-Stability Problem,2018-07-18,83,11
Structural-Street Collapse,2018-07-24,736,7
Structural-Scaffold,2018-08-03,898,3
Structural-Falling Debris,2018-08-04,492,10
Structural-Collapse,2018-08-06,94,5
Structural-Other,2018-08-07,16,8
Structural-Scaffold,2018-08-07,44,3
Structural-Construction Accident,2018-08-09,36,1
Structural-Street Collapse,2018-08-09,619,7
Structural-Collapse,2018-08-09,992,5
Structural-Crane,2018-08-11,271,13
Structural-Other,2018-08-13,3963,8
Structural-Other,2018-08-17,98,8
Structural-Other,2018-08-18,285,8
Structural-Other,2018-08-18,133,8
Structural-Other,2018-08-30,248,8
Structural-Falling Debris,2018-09-07,3945,10
Structural-Scaffold,2018-09-11,1151,3
Structural-Partial Collapse,2018-09-12,3378,12
Structural-Scaffold,2018-09-15,69,3
Structural-Stability Problem,2018-09-17,403,11
Structural-Other,2018-09-21,254,8
Structural-Stability Problem,2018-09-25,493,11
Structural-Collapse,2018-09-26,996,5
Structural-Sidewalk Shed,2018-10-05,351,9
Structural-Falling Debris,2018-10-05,149,10
Structural-Other,2018-10-16,392,8
Structural-Other,2018-10-19,170,8
Structural-Stability Problem,2018-10-23,261,11
Structural-Collapse,2018-10-28,1806,5
Structural-Other,2018-10-29,57,8
Structural-Other,2018-11-03,248,8
Structural-Falling Debris,2018-11-09,997,10
Structural-Confined Space,2018-11-14,498,2
Structural-Life Safety Violations,2018-11-25,2190,6
Structural-Collapse,2018-11-26,119,5
Structural-Construction Accident,2018-11-28,1234,1
Structural-Other,2018-11-29,301,8
Structural-Collapse,2018-12-06,106,5
Structural-Stability Problem,2018-12-09,49,11
Structural-Other,2018-12-14,626,8
Structural-Scaffold,2018-12-18,108,3
Structural-Falling Debris,2018-12-18,159,10
Structural-Collapse,2018-12-21,1170,5
Structural-Partial Collapse,2018-12-23,1326,12
Structural-Other,2018-12-27,156,8
Structural-Partial Collapse,2018-12-29,225,12
Structural-Collapse,2018-12-30,287,5
Structural-Scaffold,2019-01-03,231,3
Structural-Falling Debris,2019-01-09,200,10
Structural-Sidewalk Shed,2019-01-15,313,9
Structural-Scaffold,2019-01-21,1483,3
Structural-Collapse,2019-01-23,1108,5
Structural-Other,2019-01-28,163,8
Structural-Scaffold,2019-01-30,243,3
Structural-Collapse,2019-01-30,673,5
Structural-Sidewalk Shed,2019-02-05,298,9
Structural-Collapse,2019-02-08,103,5
Structural-Sidewalk Shed,2019-02-12,91,9
Structural-Other,2019-02-12,111,8
Structural-Other,2019-02-25,574,8
Structural-Sidewalk Shed,2019-02-25,412,9
Structural-Stability Problem,2019-02-26,1217,11
Structural-Partial Collapse,2019-03-02,85,12
Structural-Stability Problem,2019-03-07,366,11
Structural-Other,2019-03-08,106,8
Structural-Collapse,2019-03-18,437,5
Structural-Life Safety Violations,2019-03-22,195,6
Structural-Sidewalk Shed,2019-03-22,104,9
Structural-Falling Debris,2019-03-23,113,10
Structural-Scaffold,2019-03-31,142,3
Structural-Partial Collapse,2019-04-05,68,12
Structural-Other,2019-04-07,191,8
Structural-Scaffold,2019-04-08,117,3
Structural-Partial Collapse,2019-04-10,499,12
Structural-Construction Accident,2019-04-13,856,1
Structural-Collapse,2019-04-15,157,5
Structural-Falling Debris,2019-04-15,846,10
Structural-Collapse,2019-04-30,29,5
Structural-Partial Collapse,2019-05-01,229,12
Structural-Confined Space,2019-05-08,27,2
Structural-Confined Space,2019-05-09,15,2
Structural-Scaffold,2019-05-10,397,3
Structural-Confined Space,2019-05-14,41,2
Structural-Confined Space,2019-05-16,194,2
Structural-Stability Problem,2019-06-10,245,11
Structural-Sidewalk Shed,2019-06-19,73,9
Structural-Falling Debris,2019-06-23,391,10
Structural-Partial Collapse,2019-06-25,138,12
Structural-Construction Accident,2019-06-27,38,1
Structural-Scaffold,2019-06-29,1982,3
Structural-Scaffold,2019-07-15,79,3
Structural-Other,2019-07-16,361,8
Structural-Street Collapse,2019-07-17,350,7
Structural-Collapse,2019-07-22,266,5
Structural-Crane,2019-07-30,1052,13
Structural-Sidewalk Shed,2019-08-07,125,9
Structural-Falling Debris,2019-08-09,1445,10
Structural-Confined Space,2019-08-13,861,2
Structural-Collapse,2019-08-13,408,5
Structural-Other,2019-08-16,322,8
Structural-Partial Collapse,2019-08-27,330,12
Structural-Other,2019-08-27,47,8
Structural-Scaffold,2019-09-02,77,3
Structural-Collapse,2019-09-06,119,5
Structural-Construction Accident,2019-09-11,34,1
Structural-Scaffold,2019-09-14,1076,3
Structural-Street Collapse,2019-09-17,608,7
Structural-Scaffold,2019-09-30,198,3
Structural-Other,2019-10-16,648,8
Structural-Sidewalk Shed,2019-10-17,610,9
Structural-Construction Accident,2019-10-24,219,1
Structural-Collapse,2019-10-28,194,5
Structural-Scaffold,2019-10-30,632,3
Structural-Street Collapse,2019-10-31,859,7
Structural-Collapse,2019-10-31,119,5
Structural-Partial Collapse,2019-11-06,691,12
Structural-Scaffold,2019-11-11,220,3
Structural-Stability Problem,2019-11-15,221,11
Structural-Other,2019-11-17,320,8
Structural-Scaffold,2019-11-19,288,3
Structural-Other,2019-11-20,269,8
Structural-Other,2019-11-20,174,8
Structural-Other,2019-11-21,233,8
Structural-Scaffold,2019-12-13,112,3
Structural-Other,2019-12-16,177,8
Structural-Scaffold,2019-12-16,69,3
